Team_id,Team_City,Team_Name,Full_Name,Total_Spend,Year,Active_Payroll,Dead_Payroll,Luxury_Tax_Payroll,Luxury_Tax_Space,Luxury_Tax_Bill
1610612755,Philadelphia,76ers,Philadelphia 76ers,145249786.00,2021-22,145133832.00,115954.00,145249786.00,-8643786.00,13876627.00
1610612755,Philadelphia,76ers,Philadelphia 76ers,149571525.00,2022-23,149166783.00,404742.00,149571525.00,695475.00,0.00
1610612755,Philadelphia,76ers,Philadelphia 76ers,64367073.00,2012-13,63742383.00,624690.00,64367073.00,5939927.00,0.00
1610612755,Philadelphia,76ers,Philadelphia 76ers,146158461.00,2020-21,144293484.00,1864977.00,146158461.00,-13531461.00,25078655.00
1610612755,Philadelphia,76ers,Philadelphia 76ers,129913129.00,2019-20,126594115.00,3319014.00,129913129.00,2713871.00,0.00
1610612755,Philadelphia,76ers,Philadelphia 76ers,111962081.00,2018-19,107554205.00,4407876.00,111962081.00,11770919.00,0.00
1610612755,Philadelphia,76ers,Philadelphia 76ers,65086919.00,2011-12,57855224.00,7231695.00,65086919.00,5220081.00,0.00
1610612755,Philadelphia,76ers,Philadelphia 76ers,100020936.00,2017-18,89638648.00,10382288.00,100020936.00,19245064.00,0.00
1610612755,Philadelphia,76ers,Philadelphia 76ers,56832336.00,2014-15,34387296.00,22445040.00,56832336.00,19996664.00,0.00
1610612755,Philadelphia,76ers,Philadelphia 76ers,85945765.00,2016-17,61733864.00,24211901.00,85945765.00,27341235.00,0.00
1610612755,Philadelphia,76ers,Philadelphia 76ers,53780843.00,2013-14,27287899.00,26492944.00,53780843.00,17967157.00,0.00
1610612755,Philadelphia,76ers,Philadelphia 76ers,62424777.00,2015-16,31052215.00,31372562.00,62424777.00,22315223.00,0.00
1610612755,Philadelphia,76ers,Philadelphia 76ers,68915246.00,2010-11,,,70310000.00,,0.00
1610612755,Philadelphia,76ers,Philadelphia 76ers,64883448.00,2009-10,,,69920000.00,,0.00
1610612755,Philadelphia,76ers,Philadelphia 76ers,68301007.00,2008-09,,,71150000.00,,0.00
1610612755,Philadelphia,76ers,Philadelphia 76ers,74038229.00,2007-08,,,67860000.00,,6178229.00
1610612755,Philadelphia,76ers,Philadelphia 76ers,69140163.00,2006-07,,,65420000.00,,3720163.00
1610612755,Philadelphia,76ers,Philadelphia 76ers,84807300.00,2005-06,,,61700000.00,,23107300.00
1610612755,Philadelphia,76ers,Philadelphia 76ers,71951878.00,2004-05,,,54560000.00,,17391878.00
1610612755,Philadelphia,76ers,Philadelphia 76ers,60411079.00,2003-04,,,54560000.00,,5851079.00
1610612755,Philadelphia,76ers,Philadelphia 76ers,64822487.00,2002-03,,,52880000.00,,11942487.00
1610612755,Philadelphia,76ers,Philadelphia 76ers,58073366.00,2001-02,,,42500000.00,,15573366.00
1610612755,Philadelphia,76ers,Philadelphia 76ers,51085458.00,2000-01,,,35500000.00,,15585458.00
1610612755,Philadelphia,76ers,Philadelphia 76ers,43890593.00,1999-00,,,34000000.00,,9890593.00
1610612755,Philadelphia,76ers,Philadelphia 76ers,41509920.00,1998-99,,,30000000.00,,11509920.00
1610612755,Philadelphia,76ers,Philadelphia 76ers,31420520.00,1997-98,,,26900000.00,,4520520.00
1610612755,Philadelphia,76ers,Philadelphia 76ers,23669500.00,1996-97,,,24363000.00,,-693500.00
1610612755,Philadelphia,76ers,Philadelphia 76ers,25133000.00,1995-96,,,23000000.00,,2133000.00
1610612755,Philadelphia,76ers,Philadelphia 76ers,19709510.00,1994-95,,,15964000.00,,3745510.00
1610612755,Philadelphia,76ers,Philadelphia 76ers,15354000.00,1993-94,,,15175000.00,,179000.00
1610612755,Philadelphia,76ers,Philadelphia 76ers,17367000.00,1992-93,,,14000000.00,,3367000.00
1610612755,Philadelphia,76ers,Philadelphia 76ers,14058000.00,1991-92,,,12500000.00,,1558000.00
1610612755,Philadelphia,76ers,Philadelphia 76ers,11640000.00,1990-91,,,11871000.00,,-231000.00
1610612749,Milwaukee,Bucks,Milwaukee Bucks,180000208.00,2022-23,179789164.00,211044.00,180000208.00,-29733208.00,83866138.00
1610612749,Milwaukee,Bucks,Milwaukee Bucks,66354411.00,2011-12,65940004.00,414407.00,66354411.00,3952589.00,0.00
1610612749,Milwaukee,Bucks,Milwaukee Bucks,70579512.00,2015-16,68656240.00,1923272.00,70579512.00,14160488.00,0.00
1610612749,Milwaukee,Bucks,Milwaukee Bucks,92710827.00,2016-17,89559893.00,3150934.00,92710827.00,20576173.00,0.00
1610612749,Milwaukee,Bucks,Milwaukee Bucks,158985385.00,2021-22,152266626.00,6718759.00,158985385.00,-22379385.00,53922698.00
1610612749,Milwaukee,Bucks,Milwaukee Bucks,133244133.00,2020-21,126429087.00,6815046.00,133244133.00,-617133.00,925700.00
1610612749,Milwaukee,Bucks,Milwaukee Bucks,54229524.00,2013-14,47079048.00,7150476.00,54229524.00,17518476.00,0.00
1610612749,Milwaukee,Bucks,Milwaukee Bucks,122368320.00,2018-19,114955757.00,7412563.00,122368320.00,1364680.00,0.00
1610612749,Milwaukee,Bucks,Milwaukee Bucks,130404531.00,2019-20,120683725.00,9720806.00,130404531.00,2222469.00,0.00
1610612749,Milwaukee,Bucks,Milwaukee Bucks,55114481.00,2014-15,44560189.00,10554292.00,55114481.00,21714519.00,0.00
1610612749,Milwaukee,Bucks,Milwaukee Bucks,116214360.00,2017-18,100039227.00,16175133.00,116214360.00,3051640.00,0.00
1610612749,Milwaukee,Bucks,Milwaukee Bucks,61658839.00,2012-13,61658839.00,,61658839.00,8648161.00,0.00
1610612749,Milwaukee,Bucks,Milwaukee Bucks,69076690.00,2010-11,,,70310000.00,,0.00
1610612749,Milwaukee,Bucks,Milwaukee Bucks,66775602.00,2009-10,,,69920000.00,,0.00
1610612749,Milwaukee,Bucks,Milwaukee Bucks,71360656.00,2008-09,,,71150000.00,,210656.00
1610612749,Milwaukee,Bucks,Milwaukee Bucks,62571522.00,2007-08,,,67860000.00,,0.00
1610612749,Milwaukee,Bucks,Milwaukee Bucks,63498518.00,2006-07,,,65420000.00,,0.00
1610612749,Milwaukee,Bucks,Milwaukee Bucks,63022514.00,2005-06,,,61700000.00,,1322514.00
1610612749,Milwaukee,Bucks,Milwaukee Bucks,57448246.00,2004-05,,,54560000.00,,2888246.00
1610612749,Milwaukee,Bucks,Milwaukee Bucks,53229826.00,2003-04,,,54560000.00,,0.00
1610612749,Milwaukee,Bucks,Milwaukee Bucks,57995152.00,2002-03,,,52880000.00,,5115152.00
1610612749,Milwaukee,Bucks,Milwaukee Bucks,56224266.00,2001-02,,,42500000.00,,13724266.00
1610612749,Milwaukee,Bucks,Milwaukee Bucks,57819318.00,2000-01,,,35500000.00,,22319318.00
1610612749,Milwaukee,Bucks,Milwaukee Bucks,44680197.00,1999-00,,,34000000.00,,10680197.00
1610612749,Milwaukee,Bucks,Milwaukee Bucks,33703240.00,1998-99,,,30000000.00,,3703240.00
1610612749,Milwaukee,Bucks,Milwaukee Bucks,25919828.00,1997-98,,,26900000.00,,-980172.00
1610612749,Milwaukee,Bucks,Milwaukee Bucks,24222500.00,1996-97,,,24363000.00,,-140500.00
1610612749,Milwaukee,Bucks,Milwaukee Bucks,23011000.00,1995-96,,,23000000.00,,11000.00
1610612749,Milwaukee,Bucks,Milwaukee Bucks,16256960.00,1994-95,,,15964000.00,,292960.00
1610612749,Milwaukee,Bucks,Milwaukee Bucks,14889000.00,1993-94,,,15175000.00,,-286000.00
1610612749,Milwaukee,Bucks,Milwaukee Bucks,14032000.00,1992-93,,,14000000.00,,32000.00
1610612749,Milwaukee,Bucks,Milwaukee Bucks,12451000.00,1991-92,,,12500000.00,,-49000.00
1610612749,Milwaukee,Bucks,Milwaukee Bucks,11595000.00,1990-91,,,11871000.00,,-276000.00
1610612741,Chicago,Bulls,Chicago Bulls,128065350.00,2020-21,127968089.00,97261.00,128065350.00,4561650.00,0.00
1610612741,Chicago,Bulls,Chicago Bulls,74258448.00,2012-13,74105866.00,152582.00,74258448.00,-3951448.00,5927172.00
1610612741,Chicago,Bulls,Chicago Bulls,102184130.00,2015-16,101850797.00,333333.00,102184130.00,-17444130.00,36693426.00
1610612741,Chicago,Bulls,Chicago Bulls,67432537.00,2014-15,67099204.00,333333.00,67432537.00,9396463.00,0.00
1610612741,Chicago,Bulls,Chicago Bulls,93281333.00,2016-17,92786833.00,494500.00,93281333.00,20005667.00,0.00
1610612741,Chicago,Bulls,Chicago Bulls,113208742.00,2019-20,111720511.00,1488231.00,113208742.00,19418258.00,0.00
1610612741,Chicago,Bulls,Chicago Bulls,134629608.00,2021-22,132834003.00,1795605.00,134629608.00,1976392.00,0.00
1610612741,Chicago,Bulls,Chicago Bulls,70787864.00,2011-12,68873614.00,1914250.00,70787864.00,-480864.00,721296.00
1610612741,Chicago,Bulls,Chicago Bulls,149464753.00,2022-23,145592345.00,3872408.00,149464753.00,802247.00,0.00
1610612741,Chicago,Bulls,Chicago Bulls,71073626.00,2013-14,63312273.00,7761353.00,71073626.00,674374.00,0.00
1610612741,Chicago,Bulls,Chicago Bulls,112026072.00,2018-19,93022110.00,19003962.00,112026072.00,11706928.00,0.00
1610612741,Chicago,Bulls,Chicago Bulls,90105625.00,2017-18,63826969.00,26278656.00,90105625.00,29160375.00,0.00
1610612741,Chicago,Bulls,Chicago Bulls,54538076.00,2010-11,,,70310000.00,,0.00
1610612741,Chicago,Bulls,Chicago Bulls,69700359.00,2009-10,,,69920000.00,,0.00
1610612741,Chicago,Bulls,Chicago Bulls,68126774.00,2008-09,,,71150000.00,,0.00
1610612741,Chicago,Bulls,Chicago Bulls,63084166.00,2007-08,,,67860000.00,,0.00
1610612741,Chicago,Bulls,Chicago Bulls,54754904.00,2006-07,,,65420000.00,,0.00
1610612741,Chicago,Bulls,Chicago Bulls,57166530.00,2005-06,,,61700000.00,,0.00
1610612741,Chicago,Bulls,Chicago Bulls,57276129.00,2004-05,,,54560000.00,,2716129.00
1610612741,Chicago,Bulls,Chicago Bulls,55489797.00,2003-04,,,54560000.00,,929797.00
1610612741,Chicago,Bulls,Chicago Bulls,44531095.00,2002-03,,,52880000.00,,0.00
1610612741,Chicago,Bulls,Chicago Bulls,42592857.00,2001-02,,,42500000.00,,92857.00
1610612741,Chicago,Bulls,Chicago Bulls,29691907.00,2000-01,,,35500000.00,,-5808093.00
1610612741,Chicago,Bulls,Chicago Bulls,27032368.00,1999-00,,,34000000.00,,-6967632.00
1610612741,Chicago,Bulls,Chicago Bulls,28640500.00,1998-99,,,30000000.00,,-1359500.00
1610612741,Chicago,Bulls,Chicago Bulls,61330670.00,1997-98,,,26900000.00,,34430670.00
1610612741,Chicago,Bulls,Chicago Bulls,58270000.00,1996-97,,,24363000.00,,33907000.00
1610612741,Chicago,Bulls,Chicago Bulls,23512000.00,1995-96,,,23000000.00,,512000.00
1610612741,Chicago,Bulls,Chicago Bulls,22053129.00,1994-95,,,15964000.00,,6089129.00
1610612741,Chicago,Bulls,Chicago Bulls,18531000.00,1993-94,,,15175000.00,,3356000.00
1610612741,Chicago,Bulls,Chicago Bulls,18536000.00,1992-93,,,14000000.00,,4536000.00
1610612741,Chicago,Bulls,Chicago Bulls,16829000.00,1991-92,,,12500000.00,,4329000.00
1610612741,Chicago,Bulls,Chicago Bulls,10040000.00,1990-91,,,11871000.00,,-1831000.00
1610612739,Cleveland,Cavaliers,Cleveland Cavaliers,107028354.00,2015-16,106997466.00,30888.00,107028354.00,-22288354.00,53581331.00
1610612739,Cleveland,Cavaliers,Cleveland Cavaliers,66179320.00,2013-14,66063984.00,115336.00,66179320.00,5568680.00,0.00
1610612739,Cleveland,Cavaliers,Cleveland Cavaliers,81377634.00,2014-15,80811761.00,565873.00,81377634.00,-4548634.00,6822951.00
1610612739,Cleveland,Cavaliers,Cleveland Cavaliers,126590785.00,2017-18,125132604.00,1458181.00,126590785.00,-13303785.00,24509465.00
1610612739,Cleveland,Cavaliers,Cleveland Cavaliers,126590785.00,2016-17,125132604.00,1458181.00,126590785.00,-13303785.00,24509465.00
1610612739,Cleveland,Cavaliers,Cleveland Cavaliers,123697967.00,2018-19,122168064.00,1529903.00,123697967.00,35033.00,0.00
1610612739,Cleveland,Cavaliers,Cleveland Cavaliers,50463174.00,2011-12,47995047.00,2468127.00,50463174.00,19843826.00,0.00
1610612739,Cleveland,Cavaliers,Cleveland Cavaliers,132181946.00,2019-20,129169063.00,3012883.00,132181946.00,445054.00,0.00
1610612739,Cleveland,Cavaliers,Cleveland Cavaliers,133138401.00,2021-22,129666274.00,3472127.00,133138401.00,3467599.00,0.00
1610612739,Cleveland,Cavaliers,Cleveland Cavaliers,53964150.00,2012-13,49406697.00,4557453.00,53964150.00,16342850.00,0.00
1610612739,Cleveland,Cavaliers,Cleveland Cavaliers,149251300.00,2022-23,121702948.00,27548352.00,149251300.00,1015700.00,0.00
1610612739,Cleveland,Cavaliers,Cleveland Cavaliers,126734856.00,2020-21,95972309.00,30762547.00,126734856.00,5892144.00,0.00
1610612739,Cleveland,Cavaliers,Cleveland Cavaliers,53990021.00,2010-11,,,70310000.00,,0.00
1610612739,Cleveland,Cavaliers,Cleveland Cavaliers,83398534.00,2009-10,,,69920000.00,,13478534.00
1610612739,Cleveland,Cavaliers,Cleveland Cavaliers,91298233.00,2008-09,,,71150000.00,,20148233.00
1610612739,Cleveland,Cavaliers,Cleveland Cavaliers,82217583.00,2007-08,,,67860000.00,,14357583.00
1610612739,Cleveland,Cavaliers,Cleveland Cavaliers,62992729.00,2006-07,,,65420000.00,,0.00
1610612739,Cleveland,Cavaliers,Cleveland Cavaliers,51303962.00,2005-06,,,61700000.00,,0.00
1610612739,Cleveland,Cavaliers,Cleveland Cavaliers,49175274.00,2004-05,,,54560000.00,,0.00
1610612739,Cleveland,Cavaliers,Cleveland Cavaliers,46186472.00,2003-04,,,54560000.00,,0.00
1610612739,Cleveland,Cavaliers,Cleveland Cavaliers,49610448.00,2002-03,,,52880000.00,,0.00
1610612739,Cleveland,Cavaliers,Cleveland Cavaliers,45649974.00,2001-02,,,42500000.00,,3149974.00
1610612739,Cleveland,Cavaliers,Cleveland Cavaliers,49780549.00,2000-01,,,35500000.00,,14280549.00
1610612739,Cleveland,Cavaliers,Cleveland Cavaliers,46547966.00,1999-00,,,34000000.00,,12547966.00
1610612739,Cleveland,Cavaliers,Cleveland Cavaliers,28714000.00,1998-99,,,30000000.00,,-1286000.00
1610612739,Cleveland,Cavaliers,Cleveland Cavaliers,26677290.00,1997-98,,,26900000.00,,-222710.00
1610612739,Cleveland,Cavaliers,Cleveland Cavaliers,18867500.00,1996-97,,,24363000.00,,-5495500.00
1610612739,Cleveland,Cavaliers,Cleveland Cavaliers,27695000.00,1995-96,,,23000000.00,,4695000.00
1610612739,Cleveland,Cavaliers,Cleveland Cavaliers,28106000.00,1994-95,,,15964000.00,,12142000.00
1610612739,Cleveland,Cavaliers,Cleveland Cavaliers,23711000.00,1993-94,,,15175000.00,,8536000.00
1610612739,Cleveland,Cavaliers,Cleveland Cavaliers,19676000.00,1992-93,,,14000000.00,,5676000.00
1610612739,Cleveland,Cavaliers,Cleveland Cavaliers,16882000.00,1991-92,,,12500000.00,,4382000.00
1610612739,Cleveland,Cavaliers,Cleveland Cavaliers,14403000.00,1990-91,,,11871000.00,,2532000.00
1610612738,Boston,Celtics,Boston Celtics,176784331.00,2022-23,176691474.00,92857.00,176784331.00,-26517331.00,70198661.00
1610612738,Boston,Celtics,Boston Celtics,126313549.00,2018-19,126135234.00,178315.00,126313549.00,-2580549.00,3870824.00
1610612738,Boston,Celtics,Boston Celtics,115731460.00,2017-18,115481314.00,250146.00,115731460.00,3534540.00,0.00
1610612738,Boston,Celtics,Boston Celtics,76544614.00,2011-12,76053505.00,491109.00,76544614.00,-6237614.00,9665826.00
1610612738,Boston,Celtics,Boston Celtics,70644150.00,2013-14,69955361.00,688789.00,70644150.00,1103850.00,0.00
1610612738,Boston,Celtics,Boston Celtics,71576087.00,2012-13,70261284.00,1314803.00,71576087.00,-1269087.00,1903631.00
1610612738,Boston,Celtics,Boston Celtics,118437085.00,2019-20,116889734.00,1547351.00,118437085.00,14189915.00,0.00
1610612738,Boston,Celtics,Boston Celtics,93035161.00,2016-17,91484921.00,1550240.00,93035161.00,20251839.00,0.00
1610612738,Boston,Celtics,Boston Celtics,135726703.00,2021-22,133042758.00,2683945.00,135726703.00,879297.00,0.00
1610612738,Boston,Celtics,Boston Celtics,130723102.00,2020-21,127429245.00,3293857.00,130723102.00,1903898.00,0.00
1610612738,Boston,Celtics,Boston Celtics,60403234.00,2014-15,52905065.00,7498169.00,60403234.00,16425766.00,0.00
1610612738,Boston,Celtics,Boston Celtics,77166671.00,2015-16,58250334.00,18916337.00,77166671.00,7573329.00,0.00
1610612738,Boston,Celtics,Boston Celtics,82045867.00,2010-11,,,70310000.00,,11735867.00
1610612738,Boston,Celtics,Boston Celtics,83552174.00,2009-10,,,69920000.00,,13632174.00
1610612738,Boston,Celtics,Boston Celtics,79188973.00,2008-09,,,71150000.00,,8038973.00
1610612738,Boston,Celtics,Boston Celtics,74509455.00,2007-08,,,67860000.00,,6649455.00
1610612738,Boston,Celtics,Boston Celtics,62981479.00,2006-07,,,65420000.00,,0.00
1610612738,Boston,Celtics,Boston Celtics,56907300.00,2005-06,,,61700000.00,,0.00
1610612738,Boston,Celtics,Boston Celtics,64577356.00,2004-05,,,54560000.00,,10017356.00
1610612738,Boston,Celtics,Boston Celtics,60185915.00,2003-04,,,54560000.00,,5625915.00
1610612738,Boston,Celtics,Boston Celtics,52548195.00,2002-03,,,52880000.00,,0.00
1610612738,Boston,Celtics,Boston Celtics,47515677.00,2001-02,,,42500000.00,,5015677.00
1610612738,Boston,Celtics,Boston Celtics,51478707.00,2000-01,,,35500000.00,,15978707.00
1610612738,Boston,Celtics,Boston Celtics,46152875.00,1999-00,,,34000000.00,,12152875.00
1610612738,Boston,Celtics,Boston Celtics,32258856.00,1998-99,,,30000000.00,,2258856.00
1610612738,Boston,Celtics,Boston Celtics,26800500.00,1997-98,,,26900000.00,,-99500.00
1610612738,Boston,Celtics,Boston Celtics,25853500.00,1996-97,,,24363000.00,,1490500.00
1610612738,Boston,Celtics,Boston Celtics,20219000.00,1995-96,,,23000000.00,,-2781000.00
1610612738,Boston,Celtics,Boston Celtics,24462000.00,1994-95,,,15964000.00,,8498000.00
1610612738,Boston,Celtics,Boston Celtics,17881000.00,1993-94,,,15175000.00,,2706000.00
1610612738,Boston,Celtics,Boston Celtics,25217000.00,1992-93,,,14000000.00,,11217000.00
1610612738,Boston,Celtics,Boston Celtics,25343000.00,1991-92,,,12500000.00,,12843000.00
1610612738,Boston,Celtics,Boston Celtics,11256000.00,1990-91,,,11871000.00,,-615000.00
1610612746,Los Angeles,Clippers,Los Angeles Clippers,137454771.00,2020-21,137010779.00,443992.00,137454771.00,-4827771.00,7241657.00
1610612746,Los Angeles,Clippers,Los Angeles Clippers,69520697.00,2012-13,68400718.00,1119979.00,69520697.00,786303.00,0.00
1610612746,Los Angeles,Clippers,Los Angeles Clippers,69573889.00,2011-12,68433967.00,1139922.00,69573889.00,733111.00,0.00
1610612746,Los Angeles,Clippers,Los Angeles Clippers,115507492.00,2016-17,114094528.00,1412964.00,115507492.00,-2220492.00,3330738.00
1610612746,Los Angeles,Clippers,Los Angeles Clippers,96140524.00,2015-16,94554340.00,1586184.00,96140524.00,-11400524.00,19751313.00
1610612746,Los Angeles,Clippers,Los Angeles Clippers,166162398.00,2021-22,164493220.00,1669178.00,166162398.00,-29556398.00,83114696.00
1610612746,Los Angeles,Clippers,Los Angeles Clippers,130154932.00,2019-20,128442811.00,1712121.00,130154932.00,2472068.00,0.00
1610612746,Los Angeles,Clippers,Los Angeles Clippers,118817049.00,2017-18,116141747.00,2675302.00,118817049.00,448951.00,0.00
1610612746,Los Angeles,Clippers,Los Angeles Clippers,74981669.00,2013-14,72099475.00,2882194.00,74981669.00,-3233669.00,4850504.00
1610612746,Los Angeles,Clippers,Los Angeles Clippers,80629773.00,2014-15,77554797.00,3074976.00,80629773.00,-3800773.00,5701160.00
1610612746,Los Angeles,Clippers,Los Angeles Clippers,118646874.00,2018-19,83224562.00,35422312.00,118646874.00,5086126.00,0.00
1610612746,Los Angeles,Clippers,Los Angeles Clippers,191189228.00,2022-23,191189228.00,,191189228.00,-40922228.00,140302817.00
1610612746,Los Angeles,Clippers,Los Angeles Clippers,53225329.00,2010-11,,,70310000.00,,0.00
1610612746,Los Angeles,Clippers,Los Angeles Clippers,61616409.00,2009-10,,,69920000.00,,0.00
1610612746,Los Angeles,Clippers,Los Angeles Clippers,62764206.00,2008-09,,,71150000.00,,0.00
1610612746,Los Angeles,Clippers,Los Angeles Clippers,64847945.00,2007-08,,,67860000.00,,0.00
1610612746,Los Angeles,Clippers,Los Angeles Clippers,59181038.00,2006-07,,,65420000.00,,0.00
1610612746,Los Angeles,Clippers,Los Angeles Clippers,51358645.00,2005-06,,,61700000.00,,0.00
1610612746,Los Angeles,Clippers,Los Angeles Clippers,45483265.00,2004-05,,,54560000.00,,0.00
1610612746,Los Angeles,Clippers,Los Angeles Clippers,39114363.00,2003-04,,,54560000.00,,0.00
1610612746,Los Angeles,Clippers,Los Angeles Clippers,42955777.00,2002-03,,,52880000.00,,0.00
1610612746,Los Angeles,Clippers,Los Angeles Clippers,33849932.00,2001-02,,,42500000.00,,-8650068.00
1610612746,Los Angeles,Clippers,Los Angeles Clippers,29606189.00,2000-01,,,35500000.00,,-5893811.00
1610612746,Los Angeles,Clippers,Los Angeles Clippers,22489343.00,1999-00,,,34000000.00,,-11510657.00
1610612746,Los Angeles,Clippers,Los Angeles Clippers,28417580.00,1998-99,,,30000000.00,,-1582420.00
1610612746,Los Angeles,Clippers,Los Angeles Clippers,24493625.00,1997-98,,,26900000.00,,-2406375.00
1610612746,Los Angeles,Clippers,Los Angeles Clippers,23336500.00,1996-97,,,24363000.00,,-1026500.00
1610612746,Los Angeles,Clippers,Los Angeles Clippers,21165000.00,1995-96,,,23000000.00,,-1835000.00
1610612746,Los Angeles,Clippers,Los Angeles Clippers,17876700.00,1994-95,,,15964000.00,,1912700.00
1610612746,Los Angeles,Clippers,Los Angeles Clippers,20188000.00,1993-94,,,15175000.00,,5013000.00
1610612746,Los Angeles,Clippers,Los Angeles Clippers,14288000.00,1992-93,,,14000000.00,,288000.00
1610612746,Los Angeles,Clippers,Los Angeles Clippers,12976000.00,1991-92,,,12500000.00,,476000.00
1610612746,Los Angeles,Clippers,Los Angeles Clippers,10245000.00,1990-91,,,11871000.00,,-1626000.00
1610612763,Memphis,Grizzlies,Memphis Grizzlies,67958273.00,2011-12,67634641.00,323632.00,67958273.00,2348727.00,0.00
1610612763,Memphis,Grizzlies,Memphis Grizzlies,71894257.00,2013-14,71361909.00,532348.00,71894257.00,-146257.00,219386.00
1610612763,Memphis,Grizzlies,Memphis Grizzlies,74760326.00,2014-15,73989079.00,771247.00,74760326.00,2068674.00,0.00
1610612763,Memphis,Grizzlies,Memphis Grizzlies,63276388.00,2012-13,62366281.00,910107.00,63276388.00,7030612.00,0.00
1610612763,Memphis,Grizzlies,Memphis Grizzlies,122076384.00,2018-19,119619058.00,2457326.00,122076384.00,1656616.00,0.00
1610612763,Memphis,Grizzlies,Memphis Grizzlies,110869863.00,2016-17,108352164.00,2517699.00,110869863.00,2417137.00,0.00
1610612763,Memphis,Grizzlies,Memphis Grizzlies,125666556.00,2022-23,122564931.00,3101625.00,125666556.00,24600444.00,0.00
1610612763,Memphis,Grizzlies,Memphis Grizzlies,83382043.00,2015-16,76017172.00,7364871.00,83382043.00,1357957.00,0.00
1610612763,Memphis,Grizzlies,Memphis Grizzlies,109902725.00,2017-18,100033826.00,9868899.00,109902725.00,9363275.00,0.00
1610612763,Memphis,Grizzlies,Memphis Grizzlies,115994102.00,2021-22,98318869.00,17675233.00,115994102.00,20611898.00,0.00
1610612763,Memphis,Grizzlies,Memphis Grizzlies,129798650.00,2019-20,97524703.00,32273947.00,129798650.00,2828350.00,0.00
1610612763,Memphis,Grizzlies,Memphis Grizzlies,131004198.00,2020-21,96358089.00,34646109.00,131004198.00,1622802.00,0.00
1610612763,Memphis,Grizzlies,Memphis Grizzlies,70241344.00,2010-11,,,70310000.00,,0.00
1610612763,Memphis,Grizzlies,Memphis Grizzlies,57287474.00,2009-10,,,69920000.00,,0.00
1610612763,Memphis,Grizzlies,Memphis Grizzlies,55958148.00,2008-09,,,71150000.00,,0.00
1610612763,Memphis,Grizzlies,Memphis Grizzlies,54118526.00,2007-08,,,67860000.00,,0.00
1610612763,Memphis,Grizzlies,Memphis Grizzlies,61960489.00,2006-07,,,65420000.00,,0.00
1610612763,Memphis,Grizzlies,Memphis Grizzlies,67525538.00,2005-06,,,61700000.00,,5825538.00
1610612763,Memphis,Grizzlies,Memphis Grizzlies,67010830.00,2004-05,,,54560000.00,,12450830.00
1610612763,Memphis,Grizzlies,Memphis Grizzlies,57378323.00,2003-04,,,54560000.00,,2818323.00
1610612763,Memphis,Grizzlies,Memphis Grizzlies,61009172.00,2002-03,,,52880000.00,,8129172.00
1610612763,Memphis,Grizzlies,Memphis Grizzlies,50920631.00,2001-02,,,42500000.00,,8420631.00
1610612763,Memphis,Grizzlies,Memphis Grizzlies,48899840.00,2000-01,,,35500000.00,,13399840.00
1610612763,Memphis,Grizzlies,Memphis Grizzlies,37432688.00,1999-00,,,34000000.00,,3432688.00
1610612763,Memphis,Grizzlies,Memphis Grizzlies,33635800.00,1998-99,,,30000000.00,,3635800.00
1610612763,Memphis,Grizzlies,Memphis Grizzlies,25637110.00,1997-98,,,26900000.00,,-1262890.00
1610612763,Memphis,Grizzlies,Memphis Grizzlies,15978000.00,1996-97,,,24363000.00,,-8385000.00
1610612763,Memphis,Grizzlies,Memphis Grizzlies,18413000.00,1995-96,,,23000000.00,,-4587000.00
1610612737,Atlanta,Hawks,Atlanta Hawks,71407945.00,2015-16,71332945.00,75000.00,71407945.00,13332055.00,0.00
1610612737,Atlanta,Hawks,Atlanta Hawks,149133740.00,2022-23,149028218.00,105522.00,149133740.00,1133260.00,0.00
1610612737,Atlanta,Hawks,Atlanta Hawks,71683612.00,2011-12,71453928.00,229684.00,71683612.00,-1376612.00,2064918.00
1610612737,Atlanta,Hawks,Atlanta Hawks,116695055.00,2020-21,115950371.00,744684.00,116695055.00,15931945.00,0.00
1610612737,Atlanta,Hawks,Atlanta Hawks,58328957.00,2014-15,57245276.00,1083681.00,58328957.00,18500043.00,0.00
1610612737,Atlanta,Hawks,Atlanta Hawks,95576245.00,2016-17,92928845.00,2647400.00,95576245.00,17710755.00,0.00
1610612737,Atlanta,Hawks,Atlanta Hawks,66492527.00,2012-13,63620146.00,2872381.00,66492527.00,3814473.00,0.00
1610612737,Atlanta,Hawks,Atlanta Hawks,58477559.00,2013-14,55517146.00,2960413.00,58477559.00,13270441.00,0.00
1610612737,Atlanta,Hawks,Atlanta Hawks,112298633.00,2019-20,82491624.00,29807009.00,112298633.00,20328367.00,0.00
1610612737,Atlanta,Hawks,Atlanta Hawks,100108457.00,2017-18,67426026.00,32682431.00,100108457.00,19157543.00,0.00
1610612737,Atlanta,Hawks,Atlanta Hawks,103686836.00,2018-19,62166838.00,41519998.00,103686836.00,20046164.00,0.00
1610612737,Atlanta,Hawks,Atlanta Hawks,132777480.00,2021-22,132777480.00,,132777480.00,3828520.00,0.00
1610612737,Atlanta,Hawks,Atlanta Hawks,71469843.00,2010-11,,,70310000.00,,1159843.00
1610612737,Atlanta,Hawks,Atlanta Hawks,65883642.00,2009-10,,,69920000.00,,0.00
1610612737,Atlanta,Hawks,Atlanta Hawks,68168841.00,2008-09,,,71150000.00,,0.00
1610612737,Atlanta,Hawks,Atlanta Hawks,55501133.00,2007-08,,,67860000.00,,0.00
1610612737,Atlanta,Hawks,Atlanta Hawks,48581972.00,2006-07,,,65420000.00,,0.00
1610612737,Atlanta,Hawks,Atlanta Hawks,42944553.00,2005-06,,,61700000.00,,0.00
1610612737,Atlanta,Hawks,Atlanta Hawks,41059616.00,2004-05,,,54560000.00,,0.00
1610612737,Atlanta,Hawks,Atlanta Hawks,64497340.00,2003-04,,,54560000.00,,9937340.00
1610612737,Atlanta,Hawks,Atlanta Hawks,55711549.00,2002-03,,,52880000.00,,2831549.00
1610612737,Atlanta,Hawks,Atlanta Hawks,51525207.00,2001-02,,,42500000.00,,9025207.00
1610612737,Atlanta,Hawks,Atlanta Hawks,39297129.00,2000-01,,,35500000.00,,3797129.00
1610612737,Atlanta,Hawks,Atlanta Hawks,44169202.00,1999-00,,,34000000.00,,10169202.00
1610612737,Atlanta,Hawks,Atlanta Hawks,40954940.00,1998-99,,,30000000.00,,10954940.00
1610612737,Atlanta,Hawks,Atlanta Hawks,30133827.00,1997-98,,,26900000.00,,3233827.00
1610612737,Atlanta,Hawks,Atlanta Hawks,25806100.00,1996-97,,,24363000.00,,1443100.00
1610612737,Atlanta,Hawks,Atlanta Hawks,22227000.00,1995-96,,,23000000.00,,-773000.00
1610612737,Atlanta,Hawks,Atlanta Hawks,21869340.00,1994-95,,,15964000.00,,5905340.00
1610612737,Atlanta,Hawks,Atlanta Hawks,22510000.00,1993-94,,,15175000.00,,7335000.00
1610612737,Atlanta,Hawks,Atlanta Hawks,18036000.00,1992-93,,,14000000.00,,4036000.00
1610612737,Atlanta,Hawks,Atlanta Hawks,12930000.00,1991-92,,,12500000.00,,430000.00
1610612737,Atlanta,Hawks,Atlanta Hawks,11761000.00,1990-91,,,11871000.00,,-110000.00
1610612748,Miami,Heat,Miami Heat,80645920.00,2013-14,80541886.00,104034.00,80645920.00,-8897920.00,14321362.00
1610612748,Miami,Heat,Miami Heat,149118549.00,2022-23,149013027.00,105522.00,149118549.00,1148451.00,0.00
1610612748,Miami,Heat,Miami Heat,123178641.00,2018-19,122657637.00,521004.00,123178641.00,554359.00,0.00
1610612748,Miami,Heat,Miami Heat,75966404.00,2014-15,75084575.00,881829.00,75966404.00,862596.00,0.00
1610612748,Miami,Heat,Miami Heat,105065917.00,2017-18,103753306.00,1312611.00,105065917.00,14200083.00,0.00
1610612748,Miami,Heat,Miami Heat,84629571.00,2015-16,82549106.00,2080465.00,84629571.00,110429.00,0.00
1610612748,Miami,Heat,Miami Heat,83431885.00,2012-13,80736455.00,2695430.00,83431885.00,-13124885.00,24062215.00
1610612748,Miami,Heat,Miami Heat,101846108.00,2016-17,96523509.00,5322599.00,101846108.00,11440892.00,0.00
1610612748,Miami,Heat,Miami Heat,135522461.00,2021-22,130116017.00,5406444.00,135522461.00,1083539.00,0.00
1610612748,Miami,Heat,Miami Heat,132346118.00,2020-21,126781448.00,5564670.00,132346118.00,280882.00,0.00
1610612748,Miami,Heat,Miami Heat,78613056.00,2011-12,73036309.00,5576747.00,78613056.00,-8306056.00,13285600.00
1610612748,Miami,Heat,Miami Heat,134615772.00,2019-20,128951102.00,5664670.00,134615772.00,-1988772.00,2983158.00
1610612748,Miami,Heat,Miami Heat,66205855.00,2010-11,,,70310000.00,,0.00
1610612748,Miami,Heat,Miami Heat,74208013.00,2009-10,,,69920000.00,,4288013.00
1610612748,Miami,Heat,Miami Heat,70297059.00,2008-09,,,71150000.00,,0.00
1610612748,Miami,Heat,Miami Heat,74767603.00,2007-08,,,67860000.00,,6907603.00
1610612748,Miami,Heat,Miami Heat,64416312.00,2006-07,,,65420000.00,,0.00
1610612748,Miami,Heat,Miami Heat,60732452.00,2005-06,,,61700000.00,,0.00
1610612748,Miami,Heat,Miami Heat,59523529.00,2004-05,,,54560000.00,,4963529.00
1610612748,Miami,Heat,Miami Heat,47349374.00,2003-04,,,54560000.00,,0.00
1610612748,Miami,Heat,Miami Heat,57378326.00,2002-03,,,52880000.00,,4498326.00
1610612748,Miami,Heat,Miami Heat,53351186.00,2001-02,,,42500000.00,,10851186.00
1610612748,Miami,Heat,Miami Heat,73472329.00,2000-01,,,35500000.00,,37972329.00
1610612748,Miami,Heat,Miami Heat,52496573.00,1999-00,,,34000000.00,,18496573.00
1610612748,Miami,Heat,Miami Heat,44594000.00,1998-99,,,30000000.00,,14594000.00
1610612748,Miami,Heat,Miami Heat,34641186.00,1997-98,,,26900000.00,,7741186.00
1610612748,Miami,Heat,Miami Heat,22421000.00,1996-97,,,24363000.00,,-1942000.00
1610612748,Miami,Heat,Miami Heat,22087000.00,1995-96,,,23000000.00,,-913000.00
1610612748,Miami,Heat,Miami Heat,20142000.00,1994-95,,,15964000.00,,4178000.00
1610612748,Miami,Heat,Miami Heat,17811000.00,1993-94,,,15175000.00,,2636000.00
1610612748,Miami,Heat,Miami Heat,15125000.00,1992-93,,,14000000.00,,1125000.00
1610612748,Miami,Heat,Miami Heat,11514000.00,1991-92,,,12500000.00,,-986000.00
1610612748,Miami,Heat,Miami Heat,8510000.00,1990-91,,,11871000.00,,-3361000.00
1610612766,Charlotte,Hornets,Charlotte Hornets,78532364.00,2015-16,78340920.00,191444.00,78532364.00,6207636.00,0.00
1610612766,Charlotte,Hornets,Charlotte Hornets,57500127.00,2012-13,57257078.00,243049.00,57500127.00,12806873.00,0.00
1610612766,Charlotte,Hornets,Charlotte Hornets,65680052.00,2014-15,64710971.00,969081.00,65680052.00,11148948.00,0.00
1610612766,Charlotte,Hornets,Charlotte Hornets,102068166.00,2016-17,100201483.00,1866683.00,102068166.00,11218834.00,0.00
1610612766,Charlotte,Hornets,Charlotte Hornets,65611373.00,2011-12,57917825.00,7693548.00,65611373.00,4695627.00,0.00
1610612766,Charlotte,Hornets,Charlotte Hornets,107134070.00,2020-21,98277101.00,8856969.00,107134070.00,25492930.00,0.00
1610612766,Charlotte,Hornets,Charlotte Hornets,120990744.00,2021-22,110117912.00,10872832.00,120990744.00,15615256.00,0.00
1610612766,Charlotte,Hornets,Charlotte Hornets,62824677.00,2013-14,49359172.00,13465505.00,62824677.00,8923323.00,0.00
1610612766,Charlotte,Hornets,Charlotte Hornets,124684525.00,2022-23,104845190.00,19839335.00,124684525.00,25582475.00,0.00
1610612766,Charlotte,Hornets,Charlotte Hornets,124096301.00,2019-20,97674049.00,26422252.00,124096301.00,8530699.00,0.00
1610612766,Charlotte,Hornets,Charlotte Hornets,121810182.00,2018-19,121810182.00,,121810182.00,1922818.00,0.00
1610612766,Charlotte,Hornets,Charlotte Hornets,117228164.00,2017-18,117228164.00,,117228164.00,2037836.00,0.00
1610612766,Charlotte,Hornets,Charlotte Hornets,66542696.00,2010-11,,,70310000.00,,0.00
1610612766,Charlotte,Hornets,Charlotte Hornets,68681758.00,2009-10,,,69920000.00,,0.00
1610612766,Charlotte,Hornets,Charlotte Hornets,62866926.00,2008-09,,,71150000.00,,0.00
1610612766,Charlotte,Hornets,Charlotte Hornets,53745468.00,2007-08,,,67860000.00,,0.00
1610612766,Charlotte,Hornets,Charlotte Hornets,41964046.00,2006-07,,,65420000.00,,0.00
1610612766,Charlotte,Hornets,Charlotte Hornets,33458932.00,2005-06,,,61700000.00,,0.00
1610612766,Charlotte,Hornets,Charlotte Hornets,23922578.00,2004-05,,,54560000.00,,0.00
1610612766,Charlotte,Hornets,Charlotte Hornets,49999445.00,2001-02,,,42500000.00,,7499445.00
1610612766,Charlotte,Hornets,Charlotte Hornets,46441558.00,2000-01,,,35500000.00,,10941558.00
1610612766,Charlotte,Hornets,Charlotte Hornets,38619012.00,1999-00,,,34000000.00,,4619012.00
1610612766,Charlotte,Hornets,Charlotte Hornets,30452000.00,1998-99,,,30000000.00,,452000.00
1610612766,Charlotte,Hornets,Charlotte Hornets,27006013.00,1997-98,,,26900000.00,,106013.00
1610612766,Charlotte,Hornets,Charlotte Hornets,20975500.00,1996-97,,,24363000.00,,-3387500.00
1610612766,Charlotte,Hornets,Charlotte Hornets,23084000.00,1995-96,,,23000000.00,,84000.00
1610612766,Charlotte,Hornets,Charlotte Hornets,19346658.00,1994-95,,,15964000.00,,3382658.00
1610612766,Charlotte,Hornets,Charlotte Hornets,17952000.00,1993-94,,,15175000.00,,2777000.00
1610612766,Charlotte,Hornets,Charlotte Hornets,14150000.00,1992-93,,,14000000.00,,150000.00
1610612766,Charlotte,Hornets,Charlotte Hornets,12625000.00,1991-92,,,12500000.00,,125000.00
1610612766,Charlotte,Hornets,Charlotte Hornets,10417000.00,1990-91,,,11871000.00,,-1454000.00
1610612762,Utah,Jazz,Utah Jazz,58183391.00,2011-12,58114489.00,68902.00,58183391.00,12123609.00,0.00
1610612762,Utah,Jazz,Utah Jazz,80498192.00,2016-17,80223192.00,275000.00,80498192.00,32788808.00,0.00
1610612762,Utah,Jazz,Utah Jazz,145970126.00,2021-22,145682336.00,287790.00,145970126.00,-9364126.00,15137222.00
1610612762,Utah,Jazz,Utah Jazz,136299801.00,2020-21,135529368.00,770433.00,136299801.00,-3672801.00,5509202.00
1610612762,Utah,Jazz,Utah Jazz,64817873.00,2015-16,63160091.00,1657782.00,64817873.00,19922127.00,0.00
1610612762,Utah,Jazz,Utah Jazz,106862254.00,2017-18,103837783.00,3024471.00,106862254.00,12403746.00,0.00
1610612762,Utah,Jazz,Utah Jazz,66913862.00,2012-13,63344192.00,3569670.00,66913862.00,3393138.00,0.00
1610612762,Utah,Jazz,Utah Jazz,128279617.00,2019-20,119985153.00,8294464.00,128279617.00,4347383.00,0.00
1610612762,Utah,Jazz,Utah Jazz,57426670.00,2013-14,47893335.00,9533335.00,57426670.00,14321330.00,0.00
1610612762,Utah,Jazz,Utah Jazz,58905618.00,2014-15,47940340.00,10965278.00,58905618.00,17923382.00,0.00
1610612762,Utah,Jazz,Utah Jazz,147162541.00,2022-23,92962689.00,54199852.00,147162541.00,3104459.00,0.00
1610612762,Utah,Jazz,Utah Jazz,113437858.00,2018-19,113437858.00,,113437858.00,10295142.00,0.00
1610612762,Utah,Jazz,Utah Jazz,75855296.00,2010-11,,,70310000.00,,5545296.00
1610612762,Utah,Jazz,Utah Jazz,71905244.00,2009-10,,,69920000.00,,1985244.00
1610612762,Utah,Jazz,Utah Jazz,65841407.00,2008-09,,,71150000.00,,0.00
1610612762,Utah,Jazz,Utah Jazz,64959089.00,2007-08,,,67860000.00,,0.00
1610612762,Utah,Jazz,Utah Jazz,62364364.00,2006-07,,,65420000.00,,0.00
1610612762,Utah,Jazz,Utah Jazz,57372902.00,2005-06,,,61700000.00,,0.00
1610612762,Utah,Jazz,Utah Jazz,43515760.00,2004-05,,,54560000.00,,0.00
1610612762,Utah,Jazz,Utah Jazz,34747674.00,2003-04,,,54560000.00,,0.00
1610612762,Utah,Jazz,Utah Jazz,50934629.00,2002-03,,,52880000.00,,0.00
1610612762,Utah,Jazz,Utah Jazz,52642362.00,2001-02,,,42500000.00,,10142362.00
1610612762,Utah,Jazz,Utah Jazz,53893860.00,2000-01,,,35500000.00,,18393860.00
1610612762,Utah,Jazz,Utah Jazz,50348426.00,1999-00,,,34000000.00,,16348426.00
1610612762,Utah,Jazz,Utah Jazz,30298560.00,1998-99,,,30000000.00,,298560.00
1610612762,Utah,Jazz,Utah Jazz,28505442.00,1997-98,,,26900000.00,,1605442.00
1610612762,Utah,Jazz,Utah Jazz,25267000.00,1996-97,,,24363000.00,,904000.00
1610612762,Utah,Jazz,Utah Jazz,22451000.00,1995-96,,,23000000.00,,-549000.00
1610612762,Utah,Jazz,Utah Jazz,18708950.00,1994-95,,,15964000.00,,2744950.00
1610612762,Utah,Jazz,Utah Jazz,16990000.00,1993-94,,,15175000.00,,1815000.00
1610612762,Utah,Jazz,Utah Jazz,14517000.00,1992-93,,,14000000.00,,517000.00
1610612762,Utah,Jazz,Utah Jazz,12761000.00,1991-92,,,12500000.00,,261000.00
1610612762,Utah,Jazz,Utah Jazz,10695000.00,1990-91,,,11871000.00,,-1176000.00
1610612758,Sacramento,Kings,Sacramento Kings,36652311.00,2011-12,36583409.00,68902.00,36652311.00,33654689.00,0.00
1610612758,Sacramento,Kings,Sacramento Kings,72671296.00,2015-16,71733666.00,937630.00,72671296.00,12068704.00,0.00
1610612758,Sacramento,Kings,Sacramento Kings,74176743.00,2014-15,73061908.00,1114835.00,74176743.00,2652257.00,0.00
1610612758,Sacramento,Kings,Sacramento Kings,53575342.00,2012-13,51000236.00,2575106.00,53575342.00,16731658.00,0.00
1610612758,Sacramento,Kings,Sacramento Kings,137220115.00,2022-23,134301416.00,2918699.00,137220115.00,13046885.00,0.00
1610612758,Sacramento,Kings,Sacramento Kings,130590674.00,2021-22,127554712.00,3035962.00,130590674.00,6015326.00,0.00
1610612758,Sacramento,Kings,Sacramento Kings,116865503.00,2019-20,112819088.00,4046415.00,116865503.00,15761497.00,0.00
1610612758,Sacramento,Kings,Sacramento Kings,62881623.00,2013-14,58206752.00,4674871.00,62881623.00,8866377.00,0.00
1610612758,Sacramento,Kings,Sacramento Kings,95476870.00,2016-17,87669044.00,7807826.00,95476870.00,17810130.00,0.00
1610612758,Sacramento,Kings,Sacramento Kings,105580717.00,2020-21,93989320.00,11591397.00,105580717.00,27046283.00,0.00
1610612758,Sacramento,Kings,Sacramento Kings,104114641.00,2018-19,92287612.00,11827029.00,104114641.00,19618359.00,0.00
1610612758,Sacramento,Kings,Sacramento Kings,95682824.00,2017-18,77725702.00,17957122.00,95682824.00,23583176.00,0.00
1610612758,Sacramento,Kings,Sacramento Kings,45268465.00,2010-11,,,70310000.00,,0.00
1610612758,Sacramento,Kings,Sacramento Kings,67515718.00,2009-10,,,69920000.00,,0.00
1610612758,Sacramento,Kings,Sacramento Kings,69204512.00,2008-09,,,71150000.00,,0.00
1610612758,Sacramento,Kings,Sacramento Kings,63403225.00,2007-08,,,67860000.00,,0.00
1610612758,Sacramento,Kings,Sacramento Kings,64296611.00,2006-07,,,65420000.00,,0.00
1610612758,Sacramento,Kings,Sacramento Kings,62811975.00,2005-06,,,61700000.00,,1111975.00
1610612758,Sacramento,Kings,Sacramento Kings,61807688.00,2004-05,,,54560000.00,,7247688.00
1610612758,Sacramento,Kings,Sacramento Kings,68372826.00,2003-04,,,54560000.00,,13812826.00
1610612758,Sacramento,Kings,Sacramento Kings,70416596.00,2002-03,,,52880000.00,,17536596.00
1610612758,Sacramento,Kings,Sacramento Kings,54921012.00,2001-02,,,42500000.00,,12421012.00
1610612758,Sacramento,Kings,Sacramento Kings,46266289.00,2000-01,,,35500000.00,,10766289.00
1610612758,Sacramento,Kings,Sacramento Kings,40113125.00,1999-00,,,34000000.00,,6113125.00
1610612758,Sacramento,Kings,Sacramento Kings,32267000.00,1998-99,,,30000000.00,,2267000.00
1610612758,Sacramento,Kings,Sacramento Kings,30046350.00,1997-98,,,26900000.00,,3146350.00
1610612758,Sacramento,Kings,Sacramento Kings,27820200.00,1996-97,,,24363000.00,,3457200.00
1610612758,Sacramento,Kings,Sacramento Kings,24391000.00,1995-96,,,23000000.00,,1391000.00
1610612758,Sacramento,Kings,Sacramento Kings,20209000.00,1994-95,,,15964000.00,,4245000.00
1610612758,Sacramento,Kings,Sacramento Kings,17397000.00,1993-94,,,15175000.00,,2222000.00
1610612758,Sacramento,Kings,Sacramento Kings,13953000.00,1992-93,,,14000000.00,,-47000.00
1610612758,Sacramento,Kings,Sacramento Kings,12492000.00,1991-92,,,12500000.00,,-8000.00
1610612758,Sacramento,Kings,Sacramento Kings,9605000.00,1990-91,,,11871000.00,,-2266000.00
1610612752,New York,Knicks,New York Knicks,150263571.00,2022-23,149994034.00,269537.00,150263571.00,3429.00,0.00
1610612752,New York,Knicks,New York Knicks,59812260.00,2015-16,59283244.00,529016.00,59812260.00,24927740.00,0.00
1610612752,New York,Knicks,New York Knicks,62224804.00,2011-12,60549804.00,1675000.00,62224804.00,8082196.00,0.00
1610612752,New York,Knicks,New York Knicks,88277907.00,2013-14,85994825.00,2283082.00,88277907.00,-16529907.00,33722201.00
1610612752,New York,Knicks,New York Knicks,78854599.00,2012-13,74741057.00,4113542.00,78854599.00,-8547599.00,13708300.00
1610612752,New York,Knicks,New York Knicks,86487353.00,2016-17,80469422.00,6017931.00,86487353.00,26799647.00,0.00
1610612752,New York,Knicks,New York Knicks,104405156.00,2017-18,98086116.00,6319040.00,104405156.00,14860844.00,0.00
1610612752,New York,Knicks,New York Knicks,118396240.00,2021-22,108415633.00,9980607.00,118396240.00,18209760.00,0.00
1610612752,New York,Knicks,New York Knicks,110203043.00,2019-20,100220276.00,9982767.00,110203043.00,22423957.00,0.00
1610612752,New York,Knicks,New York Knicks,102005813.00,2020-21,81511334.00,20494479.00,102005813.00,30621187.00,0.00
1610612752,New York,Knicks,New York Knicks,80629628.00,2014-15,54410045.00,26219583.00,80629628.00,-3800628.00,5700942.00
1610612752,New York,Knicks,New York Knicks,123265800.00,2018-19,62775458.00,60490342.00,123265800.00,467200.00,0.00
1610612752,New York,Knicks,New York Knicks,67016562.00,2010-11,,,70310000.00,,0.00
1610612752,New York,Knicks,New York Knicks,85710076.00,2009-10,,,69920000.00,,15790076.00
1610612752,New York,Knicks,New York Knicks,96643646.00,2008-09,,,71150000.00,,25493646.00
1610612752,New York,Knicks,New York Knicks,96190114.00,2007-08,,,67860000.00,,28330114.00
1610612752,New York,Knicks,New York Knicks,117350866.00,2006-07,,,65420000.00,,51930866.00
1610612752,New York,Knicks,New York Knicks,126631098.00,2005-06,,,61700000.00,,64931098.00
1610612752,New York,Knicks,New York Knicks,102567539.00,2004-05,,,54560000.00,,48007539.00
1610612752,New York,Knicks,New York Knicks,89444820.00,2003-04,,,54560000.00,,34884820.00
1610612752,New York,Knicks,New York Knicks,93452379.00,2002-03,,,52880000.00,,40572379.00
1610612752,New York,Knicks,New York Knicks,85993039.00,2001-02,,,42500000.00,,43493039.00
1610612752,New York,Knicks,New York Knicks,74007738.00,2000-01,,,35500000.00,,38507738.00
1610612752,New York,Knicks,New York Knicks,72288001.00,1999-00,,,34000000.00,,38288001.00
1610612752,New York,Knicks,New York Knicks,59945400.00,1998-99,,,30000000.00,,29945400.00
1610612752,New York,Knicks,New York Knicks,53974881.00,1997-98,,,26900000.00,,27074881.00
1610612752,New York,Knicks,New York Knicks,25923500.00,1996-97,,,24363000.00,,1560500.00
1610612752,New York,Knicks,New York Knicks,43329000.00,1995-96,,,23000000.00,,20329000.00
1610612752,New York,Knicks,New York Knicks,25748900.00,1994-95,,,15964000.00,,9784900.00
1610612752,New York,Knicks,New York Knicks,22109000.00,1993-94,,,15175000.00,,6934000.00
1610612752,New York,Knicks,New York Knicks,14001000.00,1992-93,,,14000000.00,,1000.00
1610612752,New York,Knicks,New York Knicks,12399000.00,1991-92,,,12500000.00,,-101000.00
1610612752,New York,Knicks,New York Knicks,13290000.00,1990-91,,,11871000.00,,1419000.00
1610612747,Los Angeles,Lakers,Los Angeles Lakers,71965372.00,2015-16,71770430.00,194942.00,71965372.00,12774628.00,0.00
1610612747,Los Angeles,Lakers,Los Angeles Lakers,99847565.00,2012-13,99646980.00,200585.00,99847565.00,-29540565.00,83047406.00
1610612747,Los Angeles,Lakers,Los Angeles Lakers,81659758.00,2011-12,81371048.00,288710.00,81659758.00,-11352758.00,19631898.00
1610612747,Los Angeles,Lakers,Los Angeles Lakers,77089935.00,2013-14,74858550.00,2231385.00,77089935.00,-5341935.00,8098388.00
1610612747,Los Angeles,Lakers,Los Angeles Lakers,167477836.00,2022-23,164974226.00,2503610.00,167477836.00,-17210836.00,35935220.00
1610612747,Los Angeles,Lakers,Los Angeles Lakers,136913272.00,2020-21,129314031.00,7599241.00,136913272.00,-4286272.00,6429408.00
1610612747,Los Angeles,Lakers,Los Angeles Lakers,102177393.00,2017-18,93848506.00,8328887.00,102177393.00,17088607.00,0.00
1610612747,Los Angeles,Lakers,Los Angeles Lakers,156636217.00,2021-22,148106001.00,8530216.00,156636217.00,-20030217.00,45113318.00
1610612747,Los Angeles,Lakers,Los Angeles Lakers,94204120.00,2016-17,85639596.00,8564524.00,94204120.00,19082880.00,0.00
1610612747,Los Angeles,Lakers,Los Angeles Lakers,122723507.00,2019-20,107807481.00,10149026.00,122723507.00,9903493.00,0.00
1610612747,Los Angeles,Lakers,Los Angeles Lakers,70374042.00,2014-15,59483328.00,10890714.00,70374042.00,6454958.00,0.00
1610612747,Los Angeles,Lakers,Los Angeles Lakers,105179629.00,2018-19,90654646.00,14524983.00,105179629.00,18553371.00,0.00
1610612747,Los Angeles,Lakers,Los Angeles Lakers,91428140.00,2010-11,,,70310000.00,,21118140.00
1610612747,Los Angeles,Lakers,Los Angeles Lakers,91378064.00,2009-10,,,69920000.00,,21458064.00
1610612747,Los Angeles,Lakers,Los Angeles Lakers,78245793.00,2008-09,,,71150000.00,,7095793.00
1610612747,Los Angeles,Lakers,Los Angeles Lakers,72626796.00,2007-08,,,67860000.00,,4766796.00
1610612747,Los Angeles,Lakers,Los Angeles Lakers,77099949.00,2006-07,,,65420000.00,,11679949.00
1610612747,Los Angeles,Lakers,Los Angeles Lakers,72917945.00,2005-06,,,61700000.00,,11217945.00
1610612747,Los Angeles,Lakers,Los Angeles Lakers,65059098.00,2004-05,,,54560000.00,,10499098.00
1610612747,Los Angeles,Lakers,Los Angeles Lakers,64123085.00,2003-04,,,54560000.00,,9563085.00
1610612747,Los Angeles,Lakers,Los Angeles Lakers,63151182.00,2002-03,,,52880000.00,,10271182.00
1610612747,Los Angeles,Lakers,Los Angeles Lakers,54262017.00,2001-02,,,42500000.00,,11762017.00
1610612747,Los Angeles,Lakers,Los Angeles Lakers,58968213.00,2000-01,,,35500000.00,,23468213.00
1610612747,Los Angeles,Lakers,Los Angeles Lakers,55018533.00,1999-00,,,34000000.00,,21018533.00
1610612747,Los Angeles,Lakers,Los Angeles Lakers,41872000.00,1998-99,,,30000000.00,,11872000.00
1610612747,Los Angeles,Lakers,Los Angeles Lakers,36304583.00,1997-98,,,26900000.00,,9404583.00
1610612747,Los Angeles,Lakers,Los Angeles Lakers,28838500.00,1996-97,,,24363000.00,,4475500.00
1610612747,Los Angeles,Lakers,Los Angeles Lakers,30073000.00,1995-96,,,23000000.00,,7073000.00
1610612747,Los Angeles,Lakers,Los Angeles Lakers,42068300.00,1994-95,,,15964000.00,,26104300.00
1610612747,Los Angeles,Lakers,Los Angeles Lakers,23478000.00,1993-94,,,15175000.00,,8303000.00
1610612747,Los Angeles,Lakers,Los Angeles Lakers,18851000.00,1992-93,,,14000000.00,,4851000.00
1610612747,Los Angeles,Lakers,Los Angeles Lakers,15673000.00,1991-92,,,12500000.00,,3173000.00
1610612747,Los Angeles,Lakers,Los Angeles Lakers,12120000.00,1990-91,,,11871000.00,,249000.00
1610612753,Orlando,Magic,Orlando Magic,69263593.00,2011-12,68849150.00,414443.00,69263593.00,1043407.00,0.00
1610612753,Orlando,Magic,Orlando Magic,95538311.00,2017-18,94946559.00,591752.00,95538311.00,23727689.00,0.00
1610612753,Orlando,Magic,Orlando Magic,104208445.00,2016-17,102502863.00,1705582.00,104208445.00,9078555.00,0.00
1610612753,Orlando,Magic,Orlando Magic,114671036.00,2018-19,112686749.00,1984287.00,114671036.00,9061964.00,0.00
1610612753,Orlando,Magic,Orlando Magic,127492943.00,2019-20,125365088.00,2127855.00,127492943.00,5134057.00,0.00
1610612753,Orlando,Magic,Orlando Magic,64462856.00,2015-16,61108745.00,3354111.00,64462856.00,20277144.00,0.00
1610612753,Orlando,Magic,Orlando Magic,114336509.00,2020-21,109375123.00,4961386.00,114336509.00,18290491.00,0.00
1610612753,Orlando,Magic,Orlando Magic,118063460.00,2021-22,110991562.00,7071898.00,118063460.00,18542540.00,0.00
1610612753,Orlando,Magic,Orlando Magic,66215396.00,2012-13,57651721.00,8563675.00,66215396.00,4091604.00,0.00
1610612753,Orlando,Magic,Orlando Magic,56016975.00,2014-15,41311716.00,14705259.00,56016975.00,20812025.00,0.00
1610612753,Orlando,Magic,Orlando Magic,53516731.00,2013-14,34022974.00,19493757.00,53516731.00,18231269.00,0.00
1610612753,Orlando,Magic,Orlando Magic,124994987.00,2022-23,99000663.00,25994324.00,124994987.00,25272013.00,0.00
1610612753,Orlando,Magic,Orlando Magic,90770804.00,2010-11,,,70310000.00,,20460804.00
1610612753,Orlando,Magic,Orlando Magic,82200916.00,2009-10,,,69920000.00,,12280916.00
1610612753,Orlando,Magic,Orlando Magic,69672979.00,2008-09,,,71150000.00,,0.00
1610612753,Orlando,Magic,Orlando Magic,58165973.00,2007-08,,,67860000.00,,0.00
1610612753,Orlando,Magic,Orlando Magic,61447108.00,2006-07,,,65420000.00,,0.00
1610612753,Orlando,Magic,Orlando Magic,75784782.00,2005-06,,,61700000.00,,14084782.00
1610612753,Orlando,Magic,Orlando Magic,66445249.00,2004-05,,,54560000.00,,11885249.00
1610612753,Orlando,Magic,Orlando Magic,50588419.00,2003-04,,,54560000.00,,0.00
1610612753,Orlando,Magic,Orlando Magic,50435346.00,2002-03,,,52880000.00,,0.00
1610612753,Orlando,Magic,Orlando Magic,45984001.00,2001-02,,,42500000.00,,3484001.00
1610612753,Orlando,Magic,Orlando Magic,37459860.00,2000-01,,,35500000.00,,1959860.00
1610612753,Orlando,Magic,Orlando Magic,41586801.00,1999-00,,,34000000.00,,7586801.00
1610612753,Orlando,Magic,Orlando Magic,46118000.00,1998-99,,,30000000.00,,16118000.00
1610612753,Orlando,Magic,Orlando Magic,43954299.00,1997-98,,,26900000.00,,17054299.00
1610612753,Orlando,Magic,Orlando Magic,40149100.00,1996-97,,,24363000.00,,15786100.00
1610612753,Orlando,Magic,Orlando Magic,36526560.00,1995-96,,,23000000.00,,13526560.00
1610612753,Orlando,Magic,Orlando Magic,29069916.00,1994-95,,,15964000.00,,13105916.00
1610612753,Orlando,Magic,Orlando Magic,19939000.00,1993-94,,,15175000.00,,4764000.00
1610612753,Orlando,Magic,Orlando Magic,14970000.00,1992-93,,,14000000.00,,970000.00
1610612753,Orlando,Magic,Orlando Magic,12250000.00,1991-92,,,12500000.00,,-250000.00
1610612753,Orlando,Magic,Orlando Magic,7532000.00,1990-91,,,11871000.00,,-4339000.00
1610612742,Dallas,Mavericks,Dallas Mavericks,75210420.00,2011-12,74325300.00,885120.00,75210420.00,-4903420.00,7355130.00
1610612742,Dallas,Mavericks,Dallas Mavericks,173385738.00,2022-23,172025683.00,1360055.00,173385738.00,-23118738.00,56695271.00
1610612742,Dallas,Mavericks,Dallas Mavericks,125815404.00,2020-21,124194840.00,1620564.00,125815404.00,6811596.00,0.00
1610612742,Dallas,Mavericks,Dallas Mavericks,73096861.00,2015-16,71198732.00,1898129.00,73096861.00,11643139.00,0.00
1610612742,Dallas,Mavericks,Dallas Mavericks,75014621.00,2014-15,72183738.00,2830883.00,75014621.00,1814379.00,0.00
1610612742,Dallas,Mavericks,Dallas Mavericks,61941526.00,2012-13,58996275.00,2945251.00,61941526.00,8365474.00,0.00
1610612742,Dallas,Mavericks,Dallas Mavericks,123476650.00,2019-20,117553325.00,3745842.00,123476650.00,9150350.00,0.00
1610612742,Dallas,Mavericks,Dallas Mavericks,85464575.00,2017-18,78243993.00,7220582.00,85464575.00,33801425.00,0.00
1610612742,Dallas,Mavericks,Dallas Mavericks,124750009.00,2021-22,117318978.00,7431031.00,124750009.00,11855991.00,0.00
1610612742,Dallas,Mavericks,Dallas Mavericks,105673612.00,2016-17,93538029.00,12135583.00,105673612.00,7613388.00,0.00
1610612742,Dallas,Mavericks,Dallas Mavericks,88434197.00,2018-19,74347737.00,14086460.00,88434197.00,35298803.00,0.00
1610612742,Dallas,Mavericks,Dallas Mavericks,68057497.00,2013-14,68057497.00,,68057497.00,3690503.00,0.00
1610612742,Dallas,Mavericks,Dallas Mavericks,85409890.00,2010-11,,,70310000.00,,15099890.00
1610612742,Dallas,Mavericks,Dallas Mavericks,88916075.00,2009-10,,,69920000.00,,18996075.00
1610612742,Dallas,Mavericks,Dallas Mavericks,95045559.00,2008-09,,,71150000.00,,23895559.00
1610612742,Dallas,Mavericks,Dallas Mavericks,101694879.00,2007-08,,,67860000.00,,33834879.00
1610612742,Dallas,Mavericks,Dallas Mavericks,88531846.00,2006-07,,,65420000.00,,23111846.00
1610612742,Dallas,Mavericks,Dallas Mavericks,98454832.00,2005-06,,,61700000.00,,36754832.00
1610612742,Dallas,Mavericks,Dallas Mavericks,91908443.00,2004-05,,,54560000.00,,37348443.00
1610612742,Dallas,Mavericks,Dallas Mavericks,79536723.00,2003-04,,,54560000.00,,24976723.00
1610612742,Dallas,Mavericks,Dallas Mavericks,72940316.00,2002-03,,,52880000.00,,20060316.00
1610612742,Dallas,Mavericks,Dallas Mavericks,57960080.00,2001-02,,,42500000.00,,15460080.00
1610612742,Dallas,Mavericks,Dallas Mavericks,52274842.00,2000-01,,,35500000.00,,16774842.00
1610612742,Dallas,Mavericks,Dallas Mavericks,40014500.00,1999-00,,,34000000.00,,6014500.00
1610612742,Dallas,Mavericks,Dallas Mavericks,35565568.00,1998-99,,,30000000.00,,5565568.00
1610612742,Dallas,Mavericks,Dallas Mavericks,27268948.00,1997-98,,,26900000.00,,368948.00
1610612742,Dallas,Mavericks,Dallas Mavericks,26107500.00,1996-97,,,24363000.00,,1744500.00
1610612742,Dallas,Mavericks,Dallas Mavericks,21753000.00,1995-96,,,23000000.00,,-1247000.00
1610612742,Dallas,Mavericks,Dallas Mavericks,18053100.00,1994-95,,,15964000.00,,2089100.00
1610612742,Dallas,Mavericks,Dallas Mavericks,14321000.00,1993-94,,,15175000.00,,-854000.00
1610612742,Dallas,Mavericks,Dallas Mavericks,10859000.00,1992-93,,,14000000.00,,-3141000.00
1610612742,Dallas,Mavericks,Dallas Mavericks,13004000.00,1991-92,,,12500000.00,,504000.00
1610612742,Dallas,Mavericks,Dallas Mavericks,11693000.00,1990-91,,,11871000.00,,-178000.00
1610612751,Brooklyn,Nets,Brooklyn Nets,102928076.00,2013-14,102766374.00,161702.00,102928076.00,-31180076.00,90605366.00
1610612751,Brooklyn,Nets,Brooklyn Nets,47922417.00,2011-12,47743918.00,178499.00,47922417.00,22384583.00,0.00
1610612751,Brooklyn,Nets,Brooklyn Nets,88429175.00,2014-15,88024730.00,404445.00,88429175.00,-11600175.00,20250440.00
1610612751,Brooklyn,Nets,Brooklyn Nets,83529674.00,2012-13,83048918.00,480756.00,83529674.00,-13222674.00,24306688.00
1610612751,Brooklyn,Nets,Brooklyn Nets,166175317.00,2020-21,163724180.00,2451137.00,166175317.00,-33548317.00,101854511.00
1610612751,Brooklyn,Nets,Brooklyn Nets,159266641.00,2022-23,155025075.00,4241566.00,159266641.00,-8999641.00,14499374.00
1610612751,Brooklyn,Nets,Brooklyn Nets,96123331.00,2017-18,89124239.00,6999092.00,96123331.00,23142669.00,0.00
1610612751,Brooklyn,Nets,Brooklyn Nets,127973219.00,2019-20,94820578.00,7854342.00,127973219.00,4653781.00,0.00
1610612751,Brooklyn,Nets,Brooklyn Nets,169286329.00,2021-22,157847950.00,11438379.00,169286329.00,-32680329.00,97731568.00
1610612751,Brooklyn,Nets,Brooklyn Nets,83753138.00,2016-17,65405906.00,18347232.00,83753138.00,29533862.00,0.00
1610612751,Brooklyn,Nets,Brooklyn Nets,80503847.00,2015-16,51712738.00,28791109.00,80503847.00,4236153.00,0.00
1610612751,Brooklyn,Nets,Brooklyn Nets,117647794.00,2018-19,77805720.00,39842074.00,117647794.00,6085206.00,0.00
1610612751,Brooklyn,Nets,Brooklyn Nets,58495989.00,2010-11,,,70310000.00,,0.00
1610612751,Brooklyn,Nets,Brooklyn Nets,59366715.00,2009-10,,,69920000.00,,0.00
1610612751,Brooklyn,Nets,Brooklyn Nets,62666523.00,2008-09,,,71150000.00,,0.00
1610612751,Brooklyn,Nets,Brooklyn Nets,61836211.00,2007-08,,,67860000.00,,0.00
1610612751,Brooklyn,Nets,Brooklyn Nets,64486110.00,2006-07,,,65420000.00,,0.00
1610612751,Brooklyn,Nets,Brooklyn Nets,66449350.00,2005-06,,,61700000.00,,4749350.00
1610612751,Brooklyn,Nets,Brooklyn Nets,54983980.00,2004-05,,,54560000.00,,423980.00
1610612751,Brooklyn,Nets,Brooklyn Nets,63697123.00,2003-04,,,54560000.00,,9137123.00
1610612751,Brooklyn,Nets,Brooklyn Nets,60412919.00,2002-03,,,52880000.00,,7532919.00
1610612751,Brooklyn,Nets,Brooklyn Nets,75193712.00,2001-02,,,42500000.00,,32693712.00
1610612751,Brooklyn,Nets,Brooklyn Nets,68977578.00,2000-01,,,35500000.00,,33477578.00
1610612751,Brooklyn,Nets,Brooklyn Nets,53245461.00,1999-00,,,34000000.00,,19245461.00
1610612751,Brooklyn,Nets,Brooklyn Nets,43735000.00,1998-99,,,30000000.00,,13735000.00
1610612751,Brooklyn,Nets,Brooklyn Nets,28504567.00,1997-98,,,26900000.00,,1604567.00
1610612751,Brooklyn,Nets,Brooklyn Nets,25426600.00,1996-97,,,24363000.00,,1063600.00
1610612751,Brooklyn,Nets,Brooklyn Nets,22580000.00,1995-96,,,23000000.00,,-420000.00
1610612751,Brooklyn,Nets,Brooklyn Nets,23121800.00,1994-95,,,15964000.00,,7157800.00
1610612751,Brooklyn,Nets,Brooklyn Nets,20107000.00,1993-94,,,15175000.00,,4932000.00
1610612751,Brooklyn,Nets,Brooklyn Nets,16314000.00,1992-93,,,14000000.00,,2314000.00
1610612751,Brooklyn,Nets,Brooklyn Nets,12598000.00,1991-92,,,12500000.00,,98000.00
1610612751,Brooklyn,Nets,Brooklyn Nets,11410000.00,1990-91,,,11871000.00,,-461000.00
1610612743,Denver,Nuggets,Denver Nuggets,136054862.00,2021-22,135863002.00,191860.00,136054862.00,551138.00,0.00
1610612743,Denver,Nuggets,Denver Nuggets,116799912.00,2018-19,116453842.00,346070.00,116799912.00,6933088.00,0.00
1610612743,Denver,Nuggets,Denver Nuggets,130263965.00,2019-20,128643401.00,1620564.00,130263965.00,2363035.00,0.00
1610612743,Denver,Nuggets,Denver Nuggets,128579406.00,2020-21,126468408.00,2110998.00,128579406.00,4047594.00,0.00
1610612743,Denver,Nuggets,Denver Nuggets,56142354.00,2014-15,53359369.00,2782985.00,56142354.00,20686646.00,0.00
1610612743,Denver,Nuggets,Denver Nuggets,82581936.00,2016-17,78416141.00,4165795.00,82581936.00,30705064.00,0.00
1610612743,Denver,Nuggets,Denver Nuggets,57150022.00,2011-12,52473071.00,4676951.00,57150022.00,13156978.00,0.00
1610612743,Denver,Nuggets,Denver Nuggets,106515203.00,2017-18,101779153.00,4736050.00,106515203.00,12750797.00,0.00
1610612743,Denver,Nuggets,Denver Nuggets,71448753.00,2015-16,60186706.00,11262047.00,71448753.00,13291247.00,0.00
1610612743,Denver,Nuggets,Denver Nuggets,160688004.00,2022-23,160688004.00,,160688004.00,-10421004.00,17302513.00
1610612743,Denver,Nuggets,Denver Nuggets,65379734.00,2013-14,65379734.00,,65379734.00,6368266.00,0.00
1610612743,Denver,Nuggets,Denver Nuggets,63970222.00,2012-13,63970222.00,,63970222.00,6336778.00,0.00
1610612743,Denver,Nuggets,Denver Nuggets,68019290.00,2010-11,,,70310000.00,,0.00
1610612743,Denver,Nuggets,Denver Nuggets,74935538.00,2009-10,,,69920000.00,,5015538.00
1610612743,Denver,Nuggets,Denver Nuggets,70121003.00,2008-09,,,71150000.00,,0.00
1610612743,Denver,Nuggets,Denver Nuggets,82958227.00,2007-08,,,67860000.00,,15098227.00
1610612743,Denver,Nuggets,Denver Nuggets,65517776.00,2006-07,,,65420000.00,,97776.00
1610612743,Denver,Nuggets,Denver Nuggets,56492172.00,2005-06,,,61700000.00,,0.00
1610612743,Denver,Nuggets,Denver Nuggets,46101759.00,2004-05,,,54560000.00,,0.00
1610612743,Denver,Nuggets,Denver Nuggets,39398646.00,2003-04,,,54560000.00,,0.00
1610612743,Denver,Nuggets,Denver Nuggets,49109209.00,2002-03,,,52880000.00,,0.00
1610612743,Denver,Nuggets,Denver Nuggets,54460475.00,2001-02,,,42500000.00,,11960475.00
1610612743,Denver,Nuggets,Denver Nuggets,52189220.00,2000-01,,,35500000.00,,16689220.00
1610612743,Denver,Nuggets,Denver Nuggets,40677095.00,1999-00,,,34000000.00,,6677095.00
1610612743,Denver,Nuggets,Denver Nuggets,29392200.00,1998-99,,,30000000.00,,-607800.00
1610612743,Denver,Nuggets,Denver Nuggets,26518960.00,1997-98,,,26900000.00,,-381040.00
1610612743,Denver,Nuggets,Denver Nuggets,21243300.00,1996-97,,,24363000.00,,-3119700.00
1610612743,Denver,Nuggets,Denver Nuggets,24553000.00,1995-96,,,23000000.00,,1553000.00
1610612743,Denver,Nuggets,Denver Nuggets,21940500.00,1994-95,,,15964000.00,,5976500.00
1610612743,Denver,Nuggets,Denver Nuggets,16110000.00,1993-94,,,15175000.00,,935000.00
1610612743,Denver,Nuggets,Denver Nuggets,13776180.00,1992-93,,,14000000.00,,-223820.00
1610612743,Denver,Nuggets,Denver Nuggets,11879000.00,1991-92,,,12500000.00,,-621000.00
1610612743,Denver,Nuggets,Denver Nuggets,10335000.00,1990-91,,,11871000.00,,-1536000.00
1610612754,Indiana,Pacers,Indiana Pacers,66745868.00,2012-13,66225684.00,520184.00,66745868.00,3561132.00,0.00
1610612754,Indiana,Pacers,Indiana Pacers,66639356.00,2013-14,65850484.00,788872.00,66639356.00,5108644.00,0.00
1610612754,Indiana,Pacers,Indiana Pacers,114591944.00,2019-20,112346544.00,2245400.00,114591944.00,18035056.00,0.00
1610612754,Indiana,Pacers,Indiana Pacers,93661969.00,2017-18,90081320.00,3580649.00,93661969.00,25604031.00,0.00
1610612754,Indiana,Pacers,Indiana Pacers,128919308.00,2020-21,124750319.00,4168989.00,128919308.00,3707692.00,0.00
1610612754,Indiana,Pacers,Indiana Pacers,72413726.00,2015-16,66751826.00,5661900.00,72413726.00,12326274.00,0.00
1610612754,Indiana,Pacers,Indiana Pacers,94002004.00,2016-17,85614337.00,8387667.00,94002004.00,19284996.00,0.00
1610612754,Indiana,Pacers,Indiana Pacers,110579462.00,2018-19,99581987.00,10997475.00,110579462.00,13153538.00,0.00
1610612754,Indiana,Pacers,Indiana Pacers,122145349.00,2022-23,110310554.00,11834795.00,122145349.00,28121651.00,0.00
1610612754,Indiana,Pacers,Indiana Pacers,136538630.00,2021-22,122438198.00,14100432.00,136538630.00,67370.00,0.00
1610612754,Indiana,Pacers,Indiana Pacers,74798942.00,2014-15,74798942.00,,74798942.00,2030058.00,0.00
1610612754,Indiana,Pacers,Indiana Pacers,44413746.00,2011-12,44413746.00,,44413746.00,25893254.00,0.00
1610612754,Indiana,Pacers,Indiana Pacers,65088630.00,2010-11,,,70310000.00,,0.00
1610612754,Indiana,Pacers,Indiana Pacers,66733257.00,2009-10,,,69920000.00,,0.00
1610612754,Indiana,Pacers,Indiana Pacers,69668818.00,2008-09,,,71150000.00,,0.00
1610612754,Indiana,Pacers,Indiana Pacers,66260246.00,2007-08,,,67860000.00,,0.00
1610612754,Indiana,Pacers,Indiana Pacers,63118965.00,2006-07,,,65420000.00,,0.00
1610612754,Indiana,Pacers,Indiana Pacers,78791779.00,2005-06,,,61700000.00,,17091779.00
1610612754,Indiana,Pacers,Indiana Pacers,66064780.00,2004-05,,,54560000.00,,11504780.00
1610612754,Indiana,Pacers,Indiana Pacers,58156236.00,2003-04,,,54560000.00,,3596236.00
1610612754,Indiana,Pacers,Indiana Pacers,53472323.00,2002-03,,,52880000.00,,592323.00
1610612754,Indiana,Pacers,Indiana Pacers,53398621.00,2001-02,,,42500000.00,,10898621.00
1610612754,Indiana,Pacers,Indiana Pacers,55086140.00,2000-01,,,35500000.00,,19586140.00
1610612754,Indiana,Pacers,Indiana Pacers,54988605.00,1999-00,,,34000000.00,,20988605.00
1610612754,Indiana,Pacers,Indiana Pacers,45401500.00,1998-99,,,30000000.00,,15401500.00
1610612754,Indiana,Pacers,Indiana Pacers,39162273.00,1997-98,,,26900000.00,,12262273.00
1610612754,Indiana,Pacers,Indiana Pacers,39480000.00,1996-97,,,24363000.00,,15117000.00
1610612754,Indiana,Pacers,Indiana Pacers,23909000.00,1995-96,,,23000000.00,,909000.00
1610612754,Indiana,Pacers,Indiana Pacers,24918500.00,1994-95,,,15964000.00,,8954500.00
1610612754,Indiana,Pacers,Indiana Pacers,17196000.00,1993-94,,,15175000.00,,2021000.00
1610612754,Indiana,Pacers,Indiana Pacers,16268000.00,1992-93,,,14000000.00,,2268000.00
1610612754,Indiana,Pacers,Indiana Pacers,15090000.00,1991-92,,,12500000.00,,2590000.00
1610612754,Indiana,Pacers,Indiana Pacers,10981000.00,1990-91,,,11871000.00,,-890000.00
1610612740,New Orleans,Pelicans,New Orleans Pelicans,133174471.00,2021-22,132604966.00,569505.00,133174471.00,3431529.00,0.00
1610612740,New Orleans,Pelicans,New Orleans Pelicans,132616252.00,2020-21,131561774.00,1054478.00,132616252.00,10748.00,0.00
1610612740,New Orleans,Pelicans,New Orleans Pelicans,81425760.00,2015-16,80164538.00,1261222.00,81425760.00,3314240.00,0.00
1610612740,New Orleans,Pelicans,New Orleans Pelicans,70413595.00,2014-15,68280315.00,2133280.00,70413595.00,6415405.00,0.00
1610612740,New Orleans,Pelicans,New Orleans Pelicans,118813359.00,2017-18,115907328.00,2906031.00,118813359.00,452641.00,0.00
1610612740,New Orleans,Pelicans,New Orleans Pelicans,58480742.00,2011-12,54929976.00,3550766.00,58480742.00,11826258.00,0.00
1610612740,New Orleans,Pelicans,New Orleans Pelicans,66438200.00,2013-14,62235672.00,4202528.00,66438200.00,5309800.00,0.00
1610612740,New Orleans,Pelicans,New Orleans Pelicans,101485185.00,2016-17,94338640.00,7146545.00,101485185.00,11801815.00,0.00
1610612740,New Orleans,Pelicans,New Orleans Pelicans,115358553.00,2018-19,99636769.00,15721784.00,115358553.00,8374447.00,0.00
1610612740,New Orleans,Pelicans,New Orleans Pelicans,63685125.00,2012-13,46311220.00,17373905.00,63685125.00,6621875.00,0.00
1610612740,New Orleans,Pelicans,New Orleans Pelicans,147340203.00,2022-23,147340203.00,,147340203.00,2926797.00,0.00
1610612740,New Orleans,Pelicans,New Orleans Pelicans,117797425.00,2019-20,117797425.00,,117797425.00,14829575.00,0.00
1610612740,New Orleans,Pelicans,New Orleans Pelicans,68230729.00,2010-11,,,70310000.00,,0.00
1610612740,New Orleans,Pelicans,New Orleans Pelicans,70163827.00,2009-10,,,69920000.00,,243827.00
1610612740,New Orleans,Pelicans,New Orleans Pelicans,67530808.00,2008-09,,,71150000.00,,0.00
1610612740,New Orleans,Pelicans,New Orleans Pelicans,62609991.00,2007-08,,,67860000.00,,0.00
1610612740,New Orleans,Pelicans,New Orleans Pelicans,53748991.00,2006-07,,,65420000.00,,0.00
1610612740,New Orleans,Pelicans,New Orleans Pelicans,41277617.00,2005-06,,,61700000.00,,0.00
1610612740,New Orleans,Pelicans,New Orleans Pelicans,56572882.00,2004-05,,,54560000.00,,2012882.00
1610612740,New Orleans,Pelicans,New Orleans Pelicans,49800204.00,2003-04,,,54560000.00,,0.00
1610612740,New Orleans,Pelicans,New Orleans Pelicans,44458882.00,2002-03,,,52880000.00,,0.00
1610612765,Detroit,Pistons,Detroit Pistons,107901937.00,2016-17,102503259.00,5398678.00,107901937.00,5385063.00,0.00
1610612765,Detroit,Pistons,Detroit Pistons,118897722.00,2017-18,113040993.00,5856729.00,118897722.00,368278.00,0.00
1610612765,Detroit,Pistons,Detroit Pistons,68565736.00,2012-13,62495969.00,6069767.00,68565736.00,1741264.00,0.00
1610612765,Detroit,Pistons,Detroit Pistons,123481463.00,2018-19,116292254.00,7189209.00,123481463.00,251537.00,0.00
1610612765,Detroit,Pistons,Detroit Pistons,66303080.00,2011-12,57872787.00,8430293.00,66303080.00,4003920.00,0.00
1610612765,Detroit,Pistons,Detroit Pistons,75603690.00,2015-16,66217330.00,9386360.00,75603690.00,9136310.00,0.00
1610612765,Detroit,Pistons,Detroit Pistons,63871995.00,2014-15,49558917.00,14313078.00,63871995.00,12957005.00,0.00
1610612765,Detroit,Pistons,Detroit Pistons,131251409.00,2019-20,104275681.00,26975728.00,131251409.00,1375591.00,0.00
1610612765,Detroit,Pistons,Detroit Pistons,127664973.00,2022-23,97298155.00,30366818.00,127664973.00,22602027.00,0.00
1610612765,Detroit,Pistons,Detroit Pistons,115085331.00,2020-21,76373096.00,38712235.00,115085331.00,17541669.00,0.00
1610612765,Detroit,Pistons,Detroit Pistons,129753205.00,2021-22,84282761.00,45470444.00,129753205.00,6852795.00,0.00
1610612765,Detroit,Pistons,Detroit Pistons,61897253.00,2013-14,61897253.00,,61897253.00,9850747.00,0.00
1610612765,Detroit,Pistons,Detroit Pistons,65517821.00,2010-11,,,70310000.00,,0.00
1610612765,Detroit,Pistons,Detroit Pistons,60185833.00,2009-10,,,69920000.00,,0.00
1610612765,Detroit,Pistons,Detroit Pistons,71434174.00,2008-09,,,71150000.00,,284174.00
1610612765,Detroit,Pistons,Detroit Pistons,65898875.00,2007-08,,,67860000.00,,0.00
1610612765,Detroit,Pistons,Detroit Pistons,59010951.00,2006-07,,,65420000.00,,0.00
1610612765,Detroit,Pistons,Detroit Pistons,59619275.00,2005-06,,,61700000.00,,0.00
1610612765,Detroit,Pistons,Detroit Pistons,54762481.00,2004-05,,,54560000.00,,202481.00
1610612765,Detroit,Pistons,Detroit Pistons,53442834.00,2003-04,,,54560000.00,,0.00
1610612765,Detroit,Pistons,Detroit Pistons,47777888.00,2002-03,,,52880000.00,,0.00
1610612765,Detroit,Pistons,Detroit Pistons,42417677.00,2001-02,,,42500000.00,,-82323.00
1610612765,Detroit,Pistons,Detroit Pistons,40475338.00,2000-01,,,35500000.00,,4975338.00
1610612765,Detroit,Pistons,Detroit Pistons,42141801.00,1999-00,,,34000000.00,,8141801.00
1610612765,Detroit,Pistons,Detroit Pistons,34699620.00,1998-99,,,30000000.00,,4699620.00
1610612765,Detroit,Pistons,Detroit Pistons,24876625.00,1997-98,,,26900000.00,,-2023375.00
1610612765,Detroit,Pistons,Detroit Pistons,26848500.00,1996-97,,,24363000.00,,2485500.00
1610612765,Detroit,Pistons,Detroit Pistons,23970000.00,1995-96,,,23000000.00,,970000.00
1610612765,Detroit,Pistons,Detroit Pistons,16339300.00,1994-95,,,15964000.00,,375300.00
1610612765,Detroit,Pistons,Detroit Pistons,15826000.00,1993-94,,,15175000.00,,651000.00
1610612765,Detroit,Pistons,Detroit Pistons,13954000.00,1992-93,,,14000000.00,,-46000.00
1610612765,Detroit,Pistons,Detroit Pistons,15428000.00,1991-92,,,12500000.00,,2928000.00
1610612765,Detroit,Pistons,Detroit Pistons,12910000.00,1990-91,,,11871000.00,,1039000.00
1610612761,Toronto,Raptors,Toronto Raptors,108895146.00,2016-17,108688646.00,206500.00,108895146.00,4391854.00,0.00
1610612761,Toronto,Raptors,Toronto Raptors,76096523.00,2014-15,75424914.00,671609.00,76096523.00,732477.00,0.00
1610612761,Toronto,Raptors,Toronto Raptors,68081026.00,2012-13,67088346.00,992680.00,68081026.00,2225974.00,0.00
1610612761,Toronto,Raptors,Toronto Raptors,72314887.00,2015-16,71217611.00,1097276.00,72314887.00,12425113.00,0.00
1610612761,Toronto,Raptors,Toronto Raptors,116583186.00,2017-18,115391026.00,1192160.00,116583186.00,2682814.00,0.00
1610612761,Toronto,Raptors,Toronto Raptors,126663535.00,2019-20,125463535.00,1200000.00,126663535.00,5963465.00,0.00
1610612761,Toronto,Raptors,Toronto Raptors,137326477.00,2018-19,135355561.00,1970916.00,137326477.00,-13593477.00,25233695.00
1610612761,Toronto,Raptors,Toronto Raptors,53148082.00,2011-12,50693030.00,2455052.00,53148082.00,17158918.00,0.00
1610612761,Toronto,Raptors,Toronto Raptors,133708976.00,2021-22,130912460.00,2796516.00,133708976.00,2897024.00,0.00
1610612761,Toronto,Raptors,Toronto Raptors,149348979.00,2022-23,144162633.00,5186346.00,149348979.00,918021.00,0.00
1610612761,Toronto,Raptors,Toronto Raptors,68635923.00,2013-14,63206362.00,5429561.00,68635923.00,3112077.00,0.00
1610612761,Toronto,Raptors,Toronto Raptors,128342124.00,2020-21,121290132.00,7051992.00,128342124.00,4284876.00,0.00
1610612761,Toronto,Raptors,Toronto Raptors,69992648.00,2010-11,,,70310000.00,,0.00
1610612761,Toronto,Raptors,Toronto Raptors,67822433.00,2009-10,,,69920000.00,,0.00
1610612761,Toronto,Raptors,Toronto Raptors,73446970.00,2008-09,,,71150000.00,,2296970.00
1610612761,Toronto,Raptors,Toronto Raptors,66042375.00,2007-08,,,67860000.00,,0.00
1610612761,Toronto,Raptors,Toronto Raptors,51015491.00,2006-07,,,65420000.00,,0.00
1610612761,Toronto,Raptors,Toronto Raptors,62411884.00,2005-06,,,61700000.00,,711884.00
1610612761,Toronto,Raptors,Toronto Raptors,61703775.00,2004-05,,,54560000.00,,7143775.00
1610612761,Toronto,Raptors,Toronto Raptors,63033243.00,2003-04,,,54560000.00,,8473243.00
1610612761,Toronto,Raptors,Toronto Raptors,55408207.00,2002-03,,,52880000.00,,2528207.00
1610612761,Toronto,Raptors,Toronto Raptors,52657161.00,2001-02,,,42500000.00,,10157161.00
1610612761,Toronto,Raptors,Toronto Raptors,38313749.00,2000-01,,,35500000.00,,2813749.00
1610612761,Toronto,Raptors,Toronto Raptors,34730320.00,1999-00,,,34000000.00,,730320.00
1610612761,Toronto,Raptors,Toronto Raptors,34368500.00,1998-99,,,30000000.00,,4368500.00
1610612761,Toronto,Raptors,Toronto Raptors,24748905.00,1997-98,,,26900000.00,,-2151095.00
1610612761,Toronto,Raptors,Toronto Raptors,18633900.00,1996-97,,,24363000.00,,-5729100.00
1610612761,Toronto,Raptors,Toronto Raptors,17955000.00,1995-96,,,23000000.00,,-5045000.00
1610612745,Houston,Rockets,Houston Rockets,121818799.00,2018-19,120763311.00,1055488.00,121818799.00,1914201.00,0.00
1610612745,Houston,Rockets,Houston Rockets,128959980.00,2019-20,124493840.00,2845576.00,128959980.00,3667020.00,0.00
1610612745,Houston,Rockets,Houston Rockets,74050249.00,2014-15,71004520.00,3045729.00,74050249.00,2778751.00,0.00
1610612745,Houston,Rockets,Houston Rockets,91492845.00,2016-17,88025448.00,3467397.00,91492845.00,21794155.00,0.00
1610612745,Houston,Rockets,Houston Rockets,63877378.00,2013-14,60308379.00,3568999.00,63877378.00,7870622.00,0.00
1610612745,Houston,Rockets,Houston Rockets,118271451.00,2017-18,114484312.00,3787139.00,118271451.00,994549.00,0.00
1610612745,Houston,Rockets,Houston Rockets,49625800.00,2011-12,43714664.00,5911136.00,49625800.00,20681200.00,0.00
1610612745,Houston,Rockets,Houston Rockets,128530270.00,2020-21,122058089.00,6472181.00,128530270.00,4096730.00,0.00
1610612745,Houston,Rockets,Houston Rockets,55435438.00,2012-13,44545613.00,10889825.00,55435438.00,14871562.00,0.00
1610612745,Houston,Rockets,Houston Rockets,88387446.00,2015-16,75204953.00,13182493.00,88387446.00,-3647446.00,5471169.00
1610612745,Houston,Rockets,Houston Rockets,130727899.00,2021-22,112920049.00,17807850.00,130727899.00,5878101.00,0.00
1610612745,Houston,Rockets,Houston Rockets,136790767.00,2022-23,48511606.00,88279161.00,136790767.00,13476233.00,0.00
1610612745,Houston,Rockets,Houston Rockets,72315654.00,2010-11,,,70310000.00,,2005654.00
1610612745,Houston,Rockets,Houston Rockets,69095315.00,2009-10,,,69920000.00,,0.00
1610612745,Houston,Rockets,Houston Rockets,73302272.00,2008-09,,,71150000.00,,2152272.00
1610612745,Houston,Rockets,Houston Rockets,69894114.00,2007-08,,,67860000.00,,2034114.00
1610612745,Houston,Rockets,Houston Rockets,63837566.00,2006-07,,,65420000.00,,0.00
1610612745,Houston,Rockets,Houston Rockets,69257404.00,2005-06,,,61700000.00,,7557404.00
1610612745,Houston,Rockets,Houston Rockets,60284303.00,2004-05,,,54560000.00,,5724303.00
1610612745,Houston,Rockets,Houston Rockets,55401430.00,2003-04,,,54560000.00,,841430.00
1610612745,Houston,Rockets,Houston Rockets,50181239.00,2002-03,,,52880000.00,,0.00
1610612745,Houston,Rockets,Houston Rockets,49168169.00,2001-02,,,42500000.00,,6668169.00
1610612745,Houston,Rockets,Houston Rockets,49283309.00,2000-01,,,35500000.00,,13783309.00
1610612745,Houston,Rockets,Houston Rockets,52269367.00,1999-00,,,34000000.00,,18269367.00
1610612745,Houston,Rockets,Houston Rockets,30297100.00,1998-99,,,30000000.00,,297100.00
1610612745,Houston,Rockets,Houston Rockets,28086350.00,1997-98,,,26900000.00,,1186350.00
1610612745,Houston,Rockets,Houston Rockets,26275000.00,1996-97,,,24363000.00,,1912000.00
1610612745,Houston,Rockets,Houston Rockets,25632000.00,1995-96,,,23000000.00,,2632000.00
1610612745,Houston,Rockets,Houston Rockets,17578600.00,1994-95,,,15964000.00,,1614600.00
1610612745,Houston,Rockets,Houston Rockets,16757000.00,1993-94,,,15175000.00,,1582000.00
1610612745,Houston,Rockets,Houston Rockets,15877000.00,1992-93,,,14000000.00,,1877000.00
1610612745,Houston,Rockets,Houston Rockets,13274000.00,1991-92,,,12500000.00,,774000.00
1610612745,Houston,Rockets,Houston Rockets,10500000.00,1990-91,,,11871000.00,,-1371000.00
1610612759,San Antonio,Spurs,San Antonio Spurs,69568331.00,2012-13,69407505.00,160826.00,69568331.00,738669.00,0.00
1610612759,San Antonio,Spurs,San Antonio Spurs,63379810.00,2013-14,63171742.00,208068.00,63379810.00,8368190.00,0.00
1610612759,San Antonio,Spurs,San Antonio Spurs,70379233.00,2014-15,69028330.00,1350903.00,70379233.00,6449767.00,0.00
1610612759,San Antonio,Spurs,San Antonio Spurs,87594996.00,2015-16,85192733.00,2402263.00,87594996.00,-2854996.00,4282494.00
1610612759,San Antonio,Spurs,San Antonio Spurs,116968092.00,2017-18,114051642.00,2916450.00,116968092.00,2297908.00,0.00
1610612759,San Antonio,Spurs,San Antonio Spurs,73774561.00,2011-12,70626485.00,3148076.00,73774561.00,-3467561.00,5201342.00
1610612759,San Antonio,Spurs,San Antonio Spurs,108809101.00,2016-17,105303720.00,3505381.00,108809101.00,4477899.00,0.00
1610612759,San Antonio,Spurs,San Antonio Spurs,123832531.00,2019-20,111915368.00,11917163.00,123832531.00,8794469.00,0.00
1610612759,San Antonio,Spurs,San Antonio Spurs,121745335.00,2018-19,101438941.00,20306394.00,121745335.00,1987665.00,0.00
1610612759,San Antonio,Spurs,San Antonio Spurs,128921740.00,2020-21,104117063.00,24804677.00,128921740.00,3705260.00,0.00
1610612759,San Antonio,Spurs,San Antonio Spurs,101692316.00,2022-23,70921290.00,30771026.00,101692316.00,48574684.00,0.00
1610612759,San Antonio,Spurs,San Antonio Spurs,126419926.00,2021-22,79863201.00,46556725.00,126419926.00,10186074.00,0.00
1610612759,San Antonio,Spurs,San Antonio Spurs,69522311.00,2010-11,,,70310000.00,,0.00
1610612759,San Antonio,Spurs,San Antonio Spurs,79338309.00,2009-10,,,69920000.00,,9418309.00
1610612759,San Antonio,Spurs,San Antonio Spurs,68020487.00,2008-09,,,71150000.00,,0.00
1610612759,San Antonio,Spurs,San Antonio Spurs,70048523.00,2007-08,,,67860000.00,,2188523.00
1610612759,San Antonio,Spurs,San Antonio Spurs,65654320.00,2006-07,,,65420000.00,,234320.00
1610612759,San Antonio,Spurs,San Antonio Spurs,63570274.00,2005-06,,,61700000.00,,1870274.00
1610612759,San Antonio,Spurs,San Antonio Spurs,47504123.00,2004-05,,,54560000.00,,0.00
1610612759,San Antonio,Spurs,San Antonio Spurs,46464064.00,2003-04,,,54560000.00,,0.00
1610612759,San Antonio,Spurs,San Antonio Spurs,53182559.00,2002-03,,,52880000.00,,302559.00
1610612759,San Antonio,Spurs,San Antonio Spurs,45844814.00,2001-02,,,42500000.00,,3344814.00
1610612759,San Antonio,Spurs,San Antonio Spurs,57215938.00,2000-01,,,35500000.00,,21715938.00
1610612759,San Antonio,Spurs,San Antonio Spurs,42529801.00,1999-00,,,34000000.00,,8529801.00
1610612759,San Antonio,Spurs,San Antonio Spurs,43681143.00,1998-99,,,30000000.00,,13681143.00
1610612759,San Antonio,Spurs,San Antonio Spurs,38846163.00,1997-98,,,26900000.00,,11946163.00
1610612759,San Antonio,Spurs,San Antonio Spurs,30785500.00,1996-97,,,24363000.00,,6422500.00
1610612759,San Antonio,Spurs,San Antonio Spurs,26553000.00,1995-96,,,23000000.00,,3553000.00
1610612759,San Antonio,Spurs,San Antonio Spurs,22721982.00,1994-95,,,15964000.00,,6757982.00
1610612759,San Antonio,Spurs,San Antonio Spurs,19316365.00,1993-94,,,15175000.00,,4141365.00
1610612759,San Antonio,Spurs,San Antonio Spurs,18083000.00,1992-93,,,14000000.00,,4083000.00
1610612759,San Antonio,Spurs,San Antonio Spurs,11587000.00,1991-92,,,12500000.00,,-913000.00
1610612759,San Antonio,Spurs,San Antonio Spurs,11057000.00,1990-91,,,11871000.00,,-814000.00
1610612756,Phoenix,Suns,Phoenix Suns,172332721.00,2022-23,172121677.00,211044.00,172332721.00,-22065721.00,52746458.00
1610612756,Phoenix,Suns,Phoenix Suns,127115196.00,2020-21,126329911.00,785285.00,127115196.00,5511804.00,0.00
1610612756,Phoenix,Suns,Phoenix Suns,53234902.00,2012-13,51913298.00,1321604.00,53234902.00,17072098.00,0.00
1610612756,Phoenix,Suns,Phoenix Suns,133743364.00,2021-22,129978256.00,3765108.00,133743364.00,2862636.00,0.00
1610612756,Phoenix,Suns,Phoenix Suns,60237268.00,2014-15,55464385.00,4772883.00,60237268.00,16591732.00,0.00
1610612756,Phoenix,Suns,Phoenix Suns,53785384.00,2013-14,47314683.00,6470701.00,53785384.00,17962616.00,0.00
1610612756,Phoenix,Suns,Phoenix Suns,64909904.00,2011-12,56292681.00,8617223.00,64909904.00,5397096.00,0.00
1610612756,Phoenix,Suns,Phoenix Suns,73443637.00,2015-16,63389393.00,10054244.00,73443637.00,11296363.00,0.00
1610612756,Phoenix,Suns,Phoenix Suns,85055253.00,2016-17,72521524.00,12533729.00,85055253.00,28231747.00,0.00
1610612756,Phoenix,Suns,Phoenix Suns,92677405.00,2017-18,74114136.00,18563269.00,92677405.00,26588595.00,0.00
1610612756,Phoenix,Suns,Phoenix Suns,120782748.00,2019-20,98005821.00,22776927.00,120782748.00,11844252.00,0.00
1610612756,Phoenix,Suns,Phoenix Suns,108491880.00,2018-19,68854080.00,39637800.00,108491880.00,15241120.00,0.00
1610612756,Phoenix,Suns,Phoenix Suns,65979054.00,2010-11,,,70310000.00,,0.00
1610612756,Phoenix,Suns,Phoenix Suns,65288544.00,2009-10,,,69920000.00,,0.00
1610612756,Phoenix,Suns,Phoenix Suns,76130408.00,2008-09,,,71150000.00,,4980408.00
1610612756,Phoenix,Suns,Phoenix Suns,71323049.00,2007-08,,,67860000.00,,3463049.00
1610612756,Phoenix,Suns,Phoenix Suns,65841120.00,2006-07,,,65420000.00,,421120.00
1610612756,Phoenix,Suns,Phoenix Suns,53626924.00,2005-06,,,61700000.00,,0.00
1610612756,Phoenix,Suns,Phoenix Suns,44598682.00,2004-05,,,54560000.00,,0.00
1610612756,Phoenix,Suns,Phoenix Suns,66931770.00,2003-04,,,54560000.00,,12371770.00
1610612756,Phoenix,Suns,Phoenix Suns,55225080.00,2002-03,,,52880000.00,,2345080.00
1610612756,Phoenix,Suns,Phoenix Suns,56596369.00,2001-02,,,42500000.00,,14096369.00
1610612756,Phoenix,Suns,Phoenix Suns,53906347.00,2000-01,,,35500000.00,,18406347.00
1610612756,Phoenix,Suns,Phoenix Suns,46544037.00,1999-00,,,34000000.00,,12544037.00
1610612756,Phoenix,Suns,Phoenix Suns,36101500.00,1998-99,,,30000000.00,,6101500.00
1610612756,Phoenix,Suns,Phoenix Suns,36937876.00,1997-98,,,26900000.00,,10037876.00
1610612756,Phoenix,Suns,Phoenix Suns,36140000.00,1996-97,,,24363000.00,,11777000.00
1610612756,Phoenix,Suns,Phoenix Suns,36525000.00,1995-96,,,23000000.00,,13525000.00
1610612756,Phoenix,Suns,Phoenix Suns,23170884.00,1994-95,,,15964000.00,,7206884.00
1610612756,Phoenix,Suns,Phoenix Suns,21485000.00,1993-94,,,15175000.00,,6310000.00
1610612756,Phoenix,Suns,Phoenix Suns,14280000.00,1992-93,,,14000000.00,,280000.00
1610612756,Phoenix,Suns,Phoenix Suns,13593000.00,1991-92,,,12500000.00,,1093000.00
1610612756,Phoenix,Suns,Phoenix Suns,11463000.00,1990-91,,,11871000.00,,-408000.00
1610612760,Oklahoma City,Thunder,Oklahoma City Thunder,68257854.00,2012-13,68057854.00,200000.00,68257854.00,2049146.00,0.00
1610612760,Oklahoma City,Thunder,Oklahoma City Thunder,70696313.00,2013-14,70488245.00,208068.00,70696313.00,1051687.00,0.00
1610612760,Oklahoma City,Thunder,Oklahoma City Thunder,78791633.00,2014-15,77876390.00,915243.00,78791633.00,-1962633.00,2943950.00
1610612760,Oklahoma City,Thunder,Oklahoma City Thunder,133583713.00,2019-20,131847446.00,1736267.00,133583713.00,-956713.00,2391783.00
1610612760,Oklahoma City,Thunder,Oklahoma City Thunder,132920346.00,2017-18,130477891.00,2442455.00,132920346.00,-13654346.00,25385868.00
1610612760,Oklahoma City,Thunder,Oklahoma City Thunder,91776909.00,2016-17,87418324.00,4358585.00,91776909.00,21510091.00,0.00
1610612760,Oklahoma City,Thunder,Oklahoma City Thunder,142857060.00,2018-19,138111761.00,4745299.00,142857060.00,-19124060.00,61277259.00
1610612760,Oklahoma City,Thunder,Oklahoma City Thunder,61831253.00,2011-12,56856253.00,4975000.00,61831253.00,8475747.00,0.00
1610612760,Oklahoma City,Thunder,Oklahoma City Thunder,80938951.00,2021-22,47135212.00,33803739.00,80938951.00,55667049.00,0.00
1610612760,Oklahoma City,Thunder,Oklahoma City Thunder,95614047.00,2020-21,59343071.00,36270976.00,95614047.00,37012953.00,0.00
1610612760,Oklahoma City,Thunder,Oklahoma City Thunder,148489515.00,2022-23,98156672.00,50332843.00,148489515.00,1777485.00,0.00
1610612760,Oklahoma City,Thunder,Oklahoma City Thunder,93765298.00,2015-16,93765298.00,,93765298.00,-9025298.00,14544273.00
1610612760,Oklahoma City,Thunder,Oklahoma City Thunder,55922488.00,2010-11,,,70310000.00,,0.00
1610612760,Oklahoma City,Thunder,Oklahoma City Thunder,58578614.00,2009-10,,,69920000.00,,0.00
1610612760,Oklahoma City,Thunder,Oklahoma City Thunder,68341605.00,2008-09,,,71150000.00,,0.00
1610612760,Oklahoma City,Thunder,Oklahoma City Thunder,60861388.00,2007-08,,,67860000.00,,0.00
1610612760,Oklahoma City,Thunder,Oklahoma City Thunder,56986831.00,2006-07,,,65420000.00,,0.00
1610612760,Oklahoma City,Thunder,Oklahoma City Thunder,49253379.00,2005-06,,,61700000.00,,0.00
1610612760,Oklahoma City,Thunder,Oklahoma City Thunder,53821301.00,2004-05,,,54560000.00,,0.00
1610612760,Oklahoma City,Thunder,Oklahoma City Thunder,52347476.00,2003-04,,,54560000.00,,0.00
1610612760,Oklahoma City,Thunder,Oklahoma City Thunder,53167479.00,2002-03,,,52880000.00,,287479.00
1610612760,Oklahoma City,Thunder,Oklahoma City Thunder,45556733.00,2001-02,,,42500000.00,,3056733.00
1610612760,Oklahoma City,Thunder,Oklahoma City Thunder,51538658.00,2000-01,,,35500000.00,,16038658.00
1610612760,Oklahoma City,Thunder,Oklahoma City Thunder,38258910.00,1999-00,,,34000000.00,,4258910.00
1610612760,Oklahoma City,Thunder,Oklahoma City Thunder,30413082.00,1998-99,,,30000000.00,,413082.00
1610612760,Oklahoma City,Thunder,Oklahoma City Thunder,37592175.00,1997-98,,,26900000.00,,10692175.00
1610612760,Oklahoma City,Thunder,Oklahoma City Thunder,30301500.00,1996-97,,,24363000.00,,5938500.00
1610612760,Oklahoma City,Thunder,Oklahoma City Thunder,25852000.00,1995-96,,,23000000.00,,2852000.00
1610612760,Oklahoma City,Thunder,Oklahoma City Thunder,24073500.00,1994-95,,,15964000.00,,8109500.00
1610612760,Oklahoma City,Thunder,Oklahoma City Thunder,15967000.00,1993-94,,,15175000.00,,792000.00
1610612760,Oklahoma City,Thunder,Oklahoma City Thunder,14033000.00,1992-93,,,14000000.00,,33000.00
1610612760,Oklahoma City,Thunder,Oklahoma City Thunder,13308000.00,1991-92,,,12500000.00,,808000.00
1610612760,Oklahoma City,Thunder,Oklahoma City Thunder,10590000.00,1990-91,,,11871000.00,,-1281000.00
1610612750,Minnesota,Timberwolves,Minnesota Timberwolves,129024393.00,2020-21,128339053.00,685340.00,129024393.00,3602607.00,0.00
1610612750,Minnesota,Timberwolves,Minnesota Timberwolves,68154796.00,2013-14,66354404.00,1800392.00,68154796.00,3593204.00,0.00
1610612750,Minnesota,Timberwolves,Minnesota Timberwolves,143294648.00,2022-23,141458558.00,1836090.00,143294648.00,6972352.00,0.00
1610612750,Minnesota,Timberwolves,Minnesota Timberwolves,62360135.00,2012-13,60238958.00,2121177.00,62360135.00,7946865.00,0.00
1610612750,Minnesota,Timberwolves,Minnesota Timberwolves,105338698.00,2017-18,102739777.00,2598921.00,105338698.00,13927302.00,0.00
1610612750,Minnesota,Timberwolves,Minnesota Timberwolves,120431914.00,2018-19,117388804.00,3043110.00,120431914.00,3301086.00,0.00
1610612750,Minnesota,Timberwolves,Minnesota Timberwolves,67919790.00,2014-15,64182806.00,3736984.00,67919790.00,8909210.00,0.00
1610612750,Minnesota,Timberwolves,Minnesota Timberwolves,69605957.00,2016-17,59494555.00,10111402.00,69605957.00,43681043.00,0.00
1610612750,Minnesota,Timberwolves,Minnesota Timberwolves,70652855.00,2015-16,59841104.00,10811751.00,70652855.00,14087145.00,0.00
1610612750,Minnesota,Timberwolves,Minnesota Timberwolves,133543271.00,2019-20,114357931.00,19185340.00,133543271.00,-916271.00,1374407.00
1610612750,Minnesota,Timberwolves,Minnesota Timberwolves,136105827.00,2021-22,136105827.00,,136105827.00,500173.00,0.00
1610612750,Minnesota,Timberwolves,Minnesota Timberwolves,55406532.00,2011-12,55406532.00,,55406532.00,14900468.00,0.00
1610612750,Minnesota,Timberwolves,Minnesota Timberwolves,53461123.00,2010-11,,,70310000.00,,0.00
1610612750,Minnesota,Timberwolves,Minnesota Timberwolves,62253360.00,2009-10,,,69920000.00,,0.00
1610612750,Minnesota,Timberwolves,Minnesota Timberwolves,66445144.00,2008-09,,,71150000.00,,0.00
1610612750,Minnesota,Timberwolves,Minnesota Timberwolves,69043895.00,2007-08,,,67860000.00,,1183895.00
1610612750,Minnesota,Timberwolves,Minnesota Timberwolves,66820673.00,2006-07,,,65420000.00,,1400673.00
1610612750,Minnesota,Timberwolves,Minnesota Timberwolves,61830186.00,2005-06,,,61700000.00,,130186.00
1610612750,Minnesota,Timberwolves,Minnesota Timberwolves,70123411.00,2004-05,,,54560000.00,,15563411.00
1610612750,Minnesota,Timberwolves,Minnesota Timberwolves,71272042.00,2003-04,,,54560000.00,,16712042.00
1610612750,Minnesota,Timberwolves,Minnesota Timberwolves,59518801.00,2002-03,,,52880000.00,,6638801.00
1610612750,Minnesota,Timberwolves,Minnesota Timberwolves,55093782.00,2001-02,,,42500000.00,,12593782.00
1610612750,Minnesota,Timberwolves,Minnesota Timberwolves,47488500.00,2000-01,,,35500000.00,,11988500.00
1610612750,Minnesota,Timberwolves,Minnesota Timberwolves,42642272.00,1999-00,,,34000000.00,,8642272.00
1610612750,Minnesota,Timberwolves,Minnesota Timberwolves,33107230.00,1998-99,,,30000000.00,,3107230.00
1610612750,Minnesota,Timberwolves,Minnesota Timberwolves,27787780.00,1997-98,,,26900000.00,,887780.00
1610612750,Minnesota,Timberwolves,Minnesota Timberwolves,24100500.00,1996-97,,,24363000.00,,-262500.00
1610612750,Minnesota,Timberwolves,Minnesota Timberwolves,22642000.00,1995-96,,,23000000.00,,-358000.00
1610612750,Minnesota,Timberwolves,Minnesota Timberwolves,17673260.00,1994-95,,,15964000.00,,1709260.00
1610612750,Minnesota,Timberwolves,Minnesota Timberwolves,15496000.00,1993-94,,,15175000.00,,321000.00
1610612750,Minnesota,Timberwolves,Minnesota Timberwolves,13732000.00,1992-93,,,14000000.00,,-268000.00
1610612750,Minnesota,Timberwolves,Minnesota Timberwolves,10763000.00,1991-92,,,12500000.00,,-1737000.00
1610612750,Minnesota,Timberwolves,Minnesota Timberwolves,7540000.00,1990-91,,,11871000.00,,-4331000.00
1610612757,Portland,Trail Blazers,Portland Trail Blazers,72994755.00,2014-15,72964755.00,30000.00,72994755.00,3834245.00,0.00
1610612757,Portland,Trail Blazers,Portland Trail Blazers,62699372.00,2013-14,62599372.00,100000.00,62699372.00,9048628.00,0.00
1610612757,Portland,Trail Blazers,Portland Trail Blazers,66140347.00,2011-12,64247715.00,1892632.00,66140347.00,4166653.00,0.00
1610612757,Portland,Trail Blazers,Portland Trail Blazers,113282538.00,2016-17,111369193.00,1913345.00,113282538.00,4462.00,0.00
1610612757,Portland,Trail Blazers,Portland Trail Blazers,58379149.00,2012-13,54632812.00,3746337.00,58379149.00,11927851.00,0.00
1610612757,Portland,Trail Blazers,Portland Trail Blazers,130336680.00,2020-21,125356909.00,4979771.00,130336680.00,2290320.00,0.00
1610612757,Portland,Trail Blazers,Portland Trail Blazers,133096018.00,2018-19,128004910.00,5091108.00,133096018.00,-9363018.00,15135283.00
1610612757,Portland,Trail Blazers,Portland Trail Blazers,119265261.00,2017-18,114016865.00,5248396.00,119265261.00,739.00,0.00
1610612757,Portland,Trail Blazers,Portland Trail Blazers,136592297.00,2019-20,131037504.00,5554793.00,136592297.00,-3965297.00,5947946.00
1610612757,Portland,Trail Blazers,Portland Trail Blazers,122048327.00,2021-22,114901279.00,7147048.00,122048327.00,14557673.00,0.00
1610612757,Portland,Trail Blazers,Portland Trail Blazers,144797209.00,2022-23,136392490.00,8404719.00,144797209.00,5469791.00,0.00
1610612757,Portland,Trail Blazers,Portland Trail Blazers,62486866.00,2015-16,48301816.00,14185050.00,62486866.00,22253134.00,0.00
1610612757,Portland,Trail Blazers,Portland Trail Blazers,74584058.00,2010-11,,,70310000.00,,4274058.00
1610612757,Portland,Trail Blazers,Portland Trail Blazers,56946258.00,2009-10,,,69920000.00,,0.00
1610612757,Portland,Trail Blazers,Portland Trail Blazers,80260059.00,2008-09,,,71150000.00,,9110059.00
1610612757,Portland,Trail Blazers,Portland Trail Blazers,73241335.00,2007-08,,,67860000.00,,5381335.00
1610612757,Portland,Trail Blazers,Portland Trail Blazers,75026386.00,2006-07,,,65420000.00,,9606386.00
1610612757,Portland,Trail Blazers,Portland Trail Blazers,60017964.00,2005-06,,,61700000.00,,0.00
1610612757,Portland,Trail Blazers,Portland Trail Blazers,83671309.00,2004-05,,,54560000.00,,29111309.00
1610612757,Portland,Trail Blazers,Portland Trail Blazers,82956768.00,2003-04,,,54560000.00,,28396768.00
1610612757,Portland,Trail Blazers,Portland Trail Blazers,105595657.00,2002-03,,,52880000.00,,52715657.00
1610612757,Portland,Trail Blazers,Portland Trail Blazers,84292850.00,2001-02,,,42500000.00,,41792850.00
1610612757,Portland,Trail Blazers,Portland Trail Blazers,87395140.00,2000-01,,,35500000.00,,51895140.00
1610612757,Portland,Trail Blazers,Portland Trail Blazers,73898705.00,1999-00,,,34000000.00,,39898705.00
1610612757,Portland,Trail Blazers,Portland Trail Blazers,54725500.00,1998-99,,,30000000.00,,24725500.00
1610612757,Portland,Trail Blazers,Portland Trail Blazers,27786719.00,1997-98,,,26900000.00,,886719.00
1610612757,Portland,Trail Blazers,Portland Trail Blazers,24903500.00,1996-97,,,24363000.00,,540500.00
1610612757,Portland,Trail Blazers,Portland Trail Blazers,23926000.00,1995-96,,,23000000.00,,926000.00
1610612757,Portland,Trail Blazers,Portland Trail Blazers,26658000.00,1994-95,,,15964000.00,,10694000.00
1610612757,Portland,Trail Blazers,Portland Trail Blazers,23534000.00,1993-94,,,15175000.00,,8359000.00
1610612757,Portland,Trail Blazers,Portland Trail Blazers,16369000.00,1992-93,,,14000000.00,,2369000.00
1610612757,Portland,Trail Blazers,Portland Trail Blazers,12742000.00,1991-92,,,12500000.00,,242000.00
1610612757,Portland,Trail Blazers,Portland Trail Blazers,11215000.00,1990-91,,,11871000.00,,-656000.00
1610612744,Golden State,Warriors,Golden State Warriors,69712825.00,2012-13,69667990.00,44835.00,69712825.00,594175.00,0.00
1610612744,Golden State,Warriors,Golden State Warriors,188460481.00,2022-23,188354959.00,105522.00,188460481.00,-38193481.00,163709263.00
1610612744,Golden State,Warriors,Golden State Warriors,56742440.00,2011-12,56555931.00,186509.00,56742440.00,13564560.00,0.00
1610612744,Golden State,Warriors,Golden State Warriors,71406068.00,2013-14,71069466.00,336602.00,71406068.00,341932.00,0.00
1610612744,Golden State,Warriors,Golden State Warriors,175858992.00,2021-22,175192325.00,666667.00,175858992.00,-39252992.00,170331206.00
1610612744,Golden State,Warriors,Golden State Warriors,72585093.00,2014-15,71881167.00,703926.00,72585093.00,4243907.00,0.00
1610612744,Golden State,Warriors,Golden State Warriors,169212512.00,2020-21,168323849.00,888663.00,169212512.00,-36585512.00,117073943.00
1610612744,Golden State,Warriors,Golden State Warriors,145463097.00,2018-19,144517971.00,945126.00,145463097.00,-21730097.00,51487868.00
1610612744,Golden State,Warriors,Golden State Warriors,132317044.00,2019-20,130342231.00,1974813.00,132317044.00,309956.00,0.00
1610612744,Golden State,Warriors,Golden State Warriors,136027513.00,2017-18,133611005.00,2416508.00,136027513.00,-16761513.00,34474921.00
1610612744,Golden State,Warriors,Golden State Warriors,100255533.00,2016-17,97520106.00,2735427.00,100255533.00,13031467.00,0.00
1610612744,Golden State,Warriors,Golden State Warriors,95879899.00,2015-16,88971214.00,6908685.00,95879899.00,-11139899.00,19099750.00
1610612744,Golden State,Warriors,Golden State Warriors,68415336.00,2010-11,,,70310000.00,,0.00
1610612744,Golden State,Warriors,Golden State Warriors,65352372.00,2009-10,,,69920000.00,,0.00
1610612744,Golden State,Warriors,Golden State Warriors,67416431.00,2008-09,,,71150000.00,,0.00
1610612744,Golden State,Warriors,Golden State Warriors,62148303.00,2007-08,,,67860000.00,,0.00
1610612744,Golden State,Warriors,Golden State Warriors,65012368.00,2006-07,,,65420000.00,,0.00
1610612744,Golden State,Warriors,Golden State Warriors,57114566.00,2005-06,,,61700000.00,,0.00
1610612744,Golden State,Warriors,Golden State Warriors,54943723.00,2004-05,,,54560000.00,,383723.00
1610612744,Golden State,Warriors,Golden State Warriors,53376708.00,2003-04,,,54560000.00,,0.00
1610612744,Golden State,Warriors,Golden State Warriors,47737715.00,2002-03,,,52880000.00,,0.00
1610612744,Golden State,Warriors,Golden State Warriors,47681152.00,2001-02,,,42500000.00,,5181152.00
1610612744,Golden State,Warriors,Golden State Warriors,42363018.00,2000-01,,,35500000.00,,6863018.00
1610612744,Golden State,Warriors,Golden State Warriors,36133518.00,1999-00,,,34000000.00,,2133518.00
1610612744,Golden State,Warriors,Golden State Warriors,30985000.00,1998-99,,,30000000.00,,985000.00
1610612744,Golden State,Warriors,Golden State Warriors,32856469.00,1997-98,,,26900000.00,,5956469.00
1610612744,Golden State,Warriors,Golden State Warriors,31087000.00,1996-97,,,24363000.00,,6724000.00
1610612744,Golden State,Warriors,Golden State Warriors,22877000.00,1995-96,,,23000000.00,,-123000.00
1610612744,Golden State,Warriors,Golden State Warriors,19797300.00,1994-95,,,15964000.00,,3833300.00
1610612744,Golden State,Warriors,Golden State Warriors,19239000.00,1993-94,,,15175000.00,,4064000.00
1610612744,Golden State,Warriors,Golden State Warriors,15473000.00,1992-93,,,14000000.00,,1473000.00
1610612744,Golden State,Warriors,Golden State Warriors,12500000.00,1991-92,,,12500000.00,,0.00
1610612744,Golden State,Warriors,Golden State Warriors,11150000.00,1990-91,,,11871000.00,,-721000.00
1610612764,Washington,Wizards,Washington Wizards,73502681.00,2014-15,72952787.00,549894.00,73502681.00,3326319.00,0.00
1610612764,Washington,Wizards,Washington Wizards,58631988.00,2012-13,57506990.00,1124998.00,58631988.00,11675012.00,0.00
1610612764,Washington,Wizards,Washington Wizards,124114043.00,2017-18,122840421.00,1273622.00,124114043.00,-4848043.00,7272065.00
1610612764,Washington,Wizards,Washington Wizards,68146670.00,2011-12,66770575.00,1376095.00,68146670.00,2160330.00,0.00
1610612764,Washington,Wizards,Washington Wizards,103211636.00,2016-17,101659831.00,1551805.00,103211636.00,10075364.00,0.00
1610612764,Washington,Wizards,Washington Wizards,130577328.00,2020-21,126243515.00,4333813.00,130577328.00,2049672.00,0.00
1610612764,Washington,Wizards,Washington Wizards,70301084.00,2013-14,63807197.00,6493887.00,70301084.00,1446916.00,0.00
1610612764,Washington,Wizards,Washington Wizards,123613751.00,2019-20,115917170.00,7696581.00,123613751.00,119249.00,0.00
1610612764,Washington,Wizards,Washington Wizards,123613751.00,2018-19,115917170.00,7696581.00,123613751.00,119249.00,0.00
1610612764,Washington,Wizards,Washington Wizards,85238838.00,2015-16,76328636.00,8910202.00,85238838.00,-498838.00,748257.00
1610612764,Washington,Wizards,Washington Wizards,150053236.00,2022-23,133790093.00,16263143.00,150053236.00,213764.00,0.00
1610612764,Washington,Wizards,Washington Wizards,126147247.00,2021-22,126147247.00,,126147247.00,10458753.00,0.00
1610612764,Washington,Wizards,Washington Wizards,58324988.00,2010-11,,,70310000.00,,0.00
1610612764,Washington,Wizards,Washington Wizards,73440274.00,2009-10,,,69920000.00,,3520274.00
1610612764,Washington,Wizards,Washington Wizards,70743317.00,2008-09,,,71150000.00,,0.00
1610612764,Washington,Wizards,Washington Wizards,65278996.00,2007-08,,,67860000.00,,0.00
1610612764,Washington,Wizards,Washington Wizards,62733705.00,2006-07,,,65420000.00,,0.00
1610612764,Washington,Wizards,Washington Wizards,54555947.00,2005-06,,,61700000.00,,0.00
1610612764,Washington,Wizards,Washington Wizards,49797050.00,2004-05,,,54560000.00,,0.00
1610612764,Washington,Wizards,Washington Wizards,45682902.00,2003-04,,,54560000.00,,0.00
1610612764,Washington,Wizards,Washington Wizards,46691190.00,2002-03,,,52880000.00,,0.00
1610612764,Washington,Wizards,Washington Wizards,54776087.00,2001-02,,,42500000.00,,12276087.00
1610612764,Washington,Wizards,Washington Wizards,59085969.00,2000-01,,,35500000.00,,23585969.00
1610612764,Washington,Wizards,Washington Wizards,53194441.00,1999-00,,,34000000.00,,19194441.00
1610612764,Washington,Wizards,Washington Wizards,34018500.00,1998-99,,,30000000.00,,4018500.00
1610612764,Washington,Wizards,Washington Wizards,40718075.00,1997-98,,,26900000.00,,13818075.00
1610612764,Washington,Wizards,Washington Wizards,34940000.00,1996-97,,,24363000.00,,10577000.00
1610612764,Washington,Wizards,Washington Wizards,22224000.00,1995-96,,,23000000.00,,-776000.00
1610612764,Washington,Wizards,Washington Wizards,17049750.00,1994-95,,,15964000.00,,1085750.00
1610612764,Washington,Wizards,Washington Wizards,16240000.00,1993-94,,,15175000.00,,1065000.00
1610612764,Washington,Wizards,Washington Wizards,17249000.00,1992-93,,,14000000.00,,3249000.00
1610612764,Washington,Wizards,Washington Wizards,12633000.00,1991-92,,,12500000.00,,133000.00
1610612764,Washington,Wizards,Washington Wizards,9610000.00,1990-91,,,11871000.00,,-2261000.00